Siruta,Localitate,Judet,Populatie
1017,Municipiul Alba Iulia,ab,74283
1071,Ciugud,ab,2983
1151,Oras Abrud,ab,5513
1213,Municipiul Aiud,ab,26318
1348,Municipiul Blaj,ab,20994
1455,Oras Campeni,ab,7629
1696,Oras Cugir,ab,26768
1794,Oras Ocna Mures,ab,14641
1874,Municipiul Sebes,ab,32552
1936,Oras Zlatna,ab,7974
2130,Albac,ab,2126
2309,Almasu Mare,ab,1287
2381,Arieseni,ab,1722
2577,Avram Iancu,ab,1560
2915,Oras Baia De Aries,ab,4076
2988,Berghin,ab,2057
3039,Bistra,ab,4839
3397,Blandiana,ab,948
3459,Bucium,ab,1530
3761,Cenade,ab,983
3805,Cergau,ab,1628
3841,Ceru-Bacainti,ab,257
3958,Cetatea De Balta,ab,3175
4008,Ciuruleasa,ab,1198
4106,Calnic,ab,1880
4142,Cricau,ab,2112
4188,Craciunelu De Jos,ab,2148
4240,Daia Romana,ab,3150
4268,Dostat,ab,999
4302,Farau,ab,1623
4366,Galda De Jos,ab,4408
4482,Garbova,ab,2119
4525,Garda De Sus,ab,1696
4703,Hoparta,ab,1197
4767,Horea,ab,2102
4927,Ighiu,ab,6867
4981,Intregalde,ab,627
5103,Jidvei,ab,5309
5167,Livezile,ab,1271
5210,Lopadea Noua,ab,2716
5309,Lunca Muresului,ab,2550
5336,Lupsa,ab,3174
5577,Metes,ab,2833
5700,Mihalt,ab,3279
5755,Miraslau,ab,2122
5826,Mogos,ab,812
6048,Noslac,ab,1817
6119,Ocolis,ab,590
6164,Ohaba,ab,675
6217,Pianu,ab,3611
6271,Poiana Vadului,ab,1110
6397,Ponor,ab,576
6468,Posaga,ab,1065
6547,Radesti,ab,1327
6592,Rametea,ab,1051
6627,Ramet,ab,542
6761,Rosia Montana,ab,2871
6930,Rosia De Secas,ab,1601
6976,Salciua,ab,1549
7044,Salistea,ab,2354
7099,Sasciori,ab,6419
7197,Scarisoara,ab,1682
7348,Sancel,ab,2703
7384,Santimbru,ab,3019
7446,Sohodol,ab,1797
7767,Stremt,ab,2479
7810,Sibot,ab,2464
7865,Sona,ab,4433
7945,Spring,ab,2591
8014,Sugag,ab,2913
8096,Oras Teius,ab,7519
8158,Unirea,ab,5071
8229,Vadu Motilor,ab,1375
8354,Valea Lunga,ab,3138
8425,Vidra,ab,1658
8826,Vintu De Jos,ab,5475
9019,Cut,ab,1269
9026,Bucerdea Granoasa,ab,2406
9262,Municipiul Arad,ar,179155
9280,Fantanele,ar,3712
9333,Livada,ar,3474
9360,Sofronea,ar,2751
9397,Vladimirescu,ar,12982
9459,Oras Chisineu-Cris,ar,8437
9495,Oras Curtici,ar,8716
9538,Oras Ineu,ar,9581
9574,Oras Lipova,ar,11396
9627,Oras Nadlac,ar,8002
9654,Oras Pancota,ar,8126
9690,Oras Sebis,ar,6445
9743,Almas,ar,2625
9798,Apateu,ar,3431
9832,Archis,ar,1545
9887,Bata,ar,1059
9930,Beliu,ar,3025
10006,Birchis,ar,1889
10051,Barsa,ar,1834
10104,Barzava,ar,2543
10195,Bocsig,ar,3396
10239,Brazii,ar,1226
10293,Buteni,ar,3407
10346,Carand,ar,1160
10373,Cermei,ar,2740
10417,Chisindia,ar,1317
10453,Conop,ar,2280
10514,Covasint,ar,2721
10532,Craiva,ar,2897
10649,Dezna,ar,1206
10701,Dieci,ar,1490
10765,Ususau,ar,1420
10827,Felnac,ar,3143
10872,Ghioroc,ar,4084
10916,Graniceri,ar,2545
10943,Gurahont,ar,3900
11058,Halmagiu,ar,2766
11174,Halmagel,ar,1226
11236,Hasmas,ar,1269
11307,Ignesti,ar,721
11352,Iratosu,ar,2557
11398,Macea,ar,7166
11423,Misca,ar,3787
11478,Moneasa,ar,920
11502,Olari,ar,2006
11539,Paulis,ar,4340
11584,Oras Pecica,ar,14124
11637,Peregu Mare,ar,1807
11664,Petris,ar,1382
11735,Pilu,ar,2183
11762,Plescuta,ar,1161
11842,Savarsin,ar,2925
11940,Secusigiu,ar,6216
11995,Seleus,ar,2987
12037,Semlac,ar,4236
12055,Sintea Mare,ar,3844
12091,Oras Santana,ar,15636
12126,Socodor,ar,2277
12144,Sagu,ar,4159
12206,Seitin,ar,3091
12224,Sepreus,ar,2907
12242,Sicula,ar,4277
12288,Silindia,ar,875
12340,Simand,ar,4433
12368,Siria,ar,9083
12402,Sistarovat,ar,319
12457,Taut,ar,1665
12509,Tarnova,ar,6203
12572,Varadia De Mures,ar,1685
12643,Vinga,ar,6866
12689,Varfurile,ar,2681
12778,Zabrani,ar,4607
12812,Zarand,ar,2745
12849,Zerind,ar,1443
12876,Zimandu Nou,ar,4900
12912,Dorobanti,ar,1609
12920,Frumuseni,ar,2765
12938,Zadareni,ar,2838
13169,Municipiul Pitesti,ag,176803
13187,Bascov,ag,10523
13276,Bradu,ag,7714
13301,Oras Mioveni,ag,34559
13365,Maracineni,ag,5250
13392,Oras Stefanesti,ag,15238
13490,Municipiul Campulung,ag,36955
13524,Valea Mare Pravat,ag,4278
13622,Municipiul Curtea De Arges,ag,33439
13668,Oras Costesti,ag,10642
13757,Oras Topoloveni,ag,9439
13819,Albestii De Arges,ag,6057
13891,Albestii De Muscel,ag,1574
13935,Albota,ag,3929
13999,Aninoasa,ag,3350
14049,Arefu,ag,2464
14085,Babana,ag,2899
14165,Baiculesti,ag,6110
14272,Balilesti,ag,4073
14352,Beleti-Negresti,ag,1878
14405,Berevoesti,ag,3509
14450,Barla,ag,4629
14584,Bogati,ag,4499
14673,Boteni,ag,2429
14726,Botesti,ag,1134
14753,Bradulet,ag,1816
14851,Budeasa,ag,4128
14922,Bughea De Jos,ag,3083
14940,Buzoesti,ag,5655
15064,Caldararu,ag,2367
15108,Calinesti,ag,11159
15233,Cateasca,ag,3723
15313,Cepari,ag,2236
15402,Cetateni,ag,3008
15448,Cicanesti,ag,2104
15493,Ciofrangeni,ag,2349
15554,Ciomagesti,ag,1147
15652,Cocu,ag,2319
15741,Corbeni,ag,5880
15830,Corbi,ag,4095
15901,Cosesti,ag,5283
15983,Cotmeana,ag,1910
16132,Cuca,ag,2102
16285,Davidesti,ag,3110
16329,Dambovicioara,ag,925
16365,Darmanesti,ag,3552
16427,Dobresti,ag,1783
16454,Domnesti,ag,3156
16472,Dragoslavele,ag,2628
16506,Draganu,ag,1955
16551,Godeni,ag,3004
16613,Harsesti,ag,2286
16659,Hartiesti,ag,2290
16739,Izvoru,ag,2199
16757,Leordeni,ag,5707
16908,Leresti,ag,4640
16944,Lunca Corbului,ag,2702
17049,Malureni,ag,4686
17101,Merisani,ag,4643
17209,Micesti,ag,4624
17254,Mihaesti,ag,6126
17334,Mioarele,ag,1601
17398,Mirosi,ag,2368
17423,Moraresti,ag,1857
17496,Mosoaia,ag,5709
17575,Mozaceni,ag,2142
17619,Musatesti,ag,3684
17726,Negrasi,ag,2047
17771,Nucsoara,ag,1446
17824,Oarja,ag,2835
17851,Pietrosani,ag,5670
17913,Poienarii De Arges,ag,999
17968,Poienarii De Muscel,ag,3411
18028,Poiana Lacului,ag,6515
18162,Popesti,ag,2014
18242,Priboieni,ag,3532
18331,Ratesti,ag,3064
18411,Recea,ag,2769
18475,Rociu,ag,2504
18527,Rucar,ag,6048
18554,Salatrucu,ag,2227
18581,Sapata,ag,1626
18670,Schitu Golesti,ag,5075
18741,Slobozia,ag,4773
18778,Stalpeni,ag,5024
18858,Stoenesti,ag,4580
18938,Stolnici,ag,3066
19007,Suseni,ag,3067
19114,Stefan Cel Mare,ag,2365
19141,Suici,ag,2451
19212,Teiu,ag,1357
19249,Tigveni,ag,3495
19338,Titesti,ag,5129
19392,Uda,ag,1960
19560,Ungheni,ag,2800
19631,Valea Danului,ag,3020
19695,Valea Iasului,ag,2769
19793,Vedea,ag,3612
19999,Vladesti,ag,3223
20048,Raca,ag,1128
20055,Vulturesti,ag,2812
20063,Bughea De Sus,ag,3002
20297,Municipiul Bacau,bc,197362
20313,Hemeius,bc,5512
20359,Letea Veche,bc,6903
20411,Magura,bc,5105
20466,Margineni,bc,9863
20563,Municipiul Onesti,bc,52639
20607,Gura Vaii,bc,5286
20670,Stefan Cel Mare,bc,5257
20778,Oras Buhusi,bc,20838
20821,Oras Comanesti,bc,24059
20876,Municipiul Moinesti,bc,24715
20910,Oras Slanic-Moldova,bc,5169
20965,Oras Targu Ocna,bc,13134
21007,Agas,bc,6236
21098,Ardeoani,bc,2493
21123,Asau,bc,7154
21196,Balcani,bc,8127
21249,Beresti-Bistrita,bc,2246
21338,Beresti-Tazlau,bc,5740
21418,Berzunti,bc,5378
21454,Barsanesti,bc,4838
21506,Blagesti,bc,7649
21560,Bogdanesti,bc,2870
21597,Brusturoasa,bc,3510
21668,Buhoci,bc,5167
21720,Casin,bc,3970
21757,Caiuti,bc,5420
21855,Cleja,bc,7187
21891,Colonesti,bc,2305
21971,Corbasca,bc,5583
22059,Cotofanesti,bc,3625
22111,Damienesti,bc,1940
22166,Oras Darmanesti,bc,14777
22237,Dealu Morii,bc,2832
22380,Dofteana,bc,11306
22460,Faraoani,bc,5561
22488,Filipeni,bc,2278
22576,Filipesti,bc,4681
22665,Gaiceana,bc,2894
22718,Ghimes-Faget,bc,4910
22781,Garleni,bc,7098
22834,Glavanesti,bc,3381
22898,Helegiu,bc,6767
22941,Horgesti,bc,5586
23047,Huruiesti,bc,2436
23127,Izvoru Berheciului,bc,1688
23207,Lipova,bc,3181
23289,Livezi,bc,5595
23350,Luizi-Calugara,bc,5361
23387,Magiresti,bc,4363
23449,Manastirea Casin,bc,5522
23494,Motoseni,bc,3462
23644,Negri,bc,2920
23715,Nicolae Balcescu,bc,10081
23797,Oituz,bc,9509
23868,Oncesti,bc,1671
23948,Orbeni,bc,3962
23975,Palanca,bc,3470
24034,Parava,bc,3399
24089,Parincea,bc,3911
24187,Pancesti,bc,4432
24276,Pargaresti,bc,4873
24338,Parjol,bc,6546
24427,Plopana,bc,3407
24524,Podu Turcului,bc,5128
24631,Poduri,bc,8151
24711,Racova,bc,3578
24766,Racaciuni,bc,8379
24837,Rachitoasa,bc,4909
24999,Rosiori,bc,2382
25068,Sascut,bc,10047
25148,Sanduleni,bc,4675
25228,Saucesti,bc,5422
25291,Scorteni,bc,3087
25362,Secuieni,bc,2308
25488,Solont,bc,3680
25521,Stanisesti,bc,4745
25629,Strugari,bc,2573
25692,Tamasi,bc,3101
25745,Tatarasti,bc,2485
25825,Targu Trotus,bc,5715
25861,Traian,bc,3170
25932,Ungureni,bc,3918
26029,Urechesti,bc,3766
26083,Valea Seaca,bc,4339
26118,Vultureni,bc,2101
26289,Zemes,bc,4927
26320,Sarata,bc,2225
26338,Buciumi,bc,3242
26346,Gioseni,bc,4203
26353,Odobesti,bc,2459
26361,Prajesti,bc,2335
26379,Itesti,bc,1499
26564,Municipiul Oradea,bh,222850
26582,Sanmartin,bh,10814
26653,Santandrei,bh,5726
26699,Oras Alesd,bh,11293
26742,Astileu,bh,3721
26804,Municipiul Beius,bh,11477
26840,Oras Stei,bh,7434
26877,Municipiul Marghita,bh,18252
26920,Oras Nucet,bh,2131
26975,Municipiul Salonta,bh,19401
27007,Oras Vascau,bh,2429
27070,Abram,bh,3110
27169,Abramut,bh,3136
27212,Auseu,bh,2982
27285,Avram Iancu,bh,3465
27329,Balc,bh,3341
27383,Batar,bh,5644
27436,Biharia,bh,4439
27506,Boianu Mare,bh,1332
27560,Borod,bh,4003
27631,Bors,bh,4167
27686,Bratca,bh,4980
27757,Brusturi,bh,3666
27846,Budureasa,bh,2702
27908,Buduslau,bh,2070
27935,Bulz,bh,2139
27971,Buntesti,bh,4457
28077,Cabesti,bh,1853
28139,Capalna,bh,1482
28193,Carpinet,bh,1835
28246,Cefa,bh,2365
28335,Ceica,bh,3545
28415,Cetariu,bh,2168
28497,Cherechiu,bh,2489
28530,Chislaz,bh,3173
28610,Ciuhoi,bh,2276
28665,Ciumeghiu,bh,4595
28709,Campani,bh,2410
28763,Cociuba Mare,bh,2929
28816,Copacel,bh,2162
28889,Cristioru De Jos,bh,1339
28941,Curatele,bh,2452
29001,Curtuiseni,bh,4003
29038,Derna,bh,2659
29092,Diosig,bh,7067
29154,Dobresti,bh,5456
29243,Draganesti,bh,2934
29341,Dragesti,bh,2607
29403,Finis,bh,3647
29467,Girisu De Cris,bh,3863
29519,Hidiselu De Sus,bh,3111
29573,Holod,bh,3207
29662,Husasau De Tinca,bh,2331
29724,Ineu,bh,4786
29760,Lazuri De Beius,bh,1580
29813,Lazareni,bh,3209
29902,Lugasu De Jos,bh,3653
29948,Lunca,bh,2744
30014,Madaras,bh,2800
30069,Magesti,bh,2723
30149,Nojorid,bh,5381
30229,Olcea,bh,2765
30274,Osorhei,bh,6811
30336,Pietroasa,bh,3184
30416,Pocola,bh,1459
30470,Pomezeu,bh,2800
30568,Popesti,bh,7991
30648,Rabagani,bh,2000
30719,Remetea,bh,2879
30773,Rieni,bh,3050
30844,Rosia,bh,2461
30871,Sacadat,bh,1800
30915,Oras Sacueni,bh,12685
30988,Salacea,bh,3111
31011,Salard,bh,4498
31057,Sambata,bh,1366
31128,Sarbi,bh,2495
31208,Spinus,bh,1166
31262,Suplacu De Barcau,bh,4557
31333,Simian,bh,4081
31379,Sinteu,bh,1131
31422,Soimi,bh,2529
31510,Suncuius,bh,3225
31565,Tarcea,bh,2748
31609,Tarcaia,bh,2060
31654,Tauteu,bh,4554
31716,Tileagd,bh,7071
31789,Tinca,bh,8357
31841,Tulca,bh,2731
31878,Tetchea,bh,3247
31921,Uileacu De Beius,bh,2056
31976,Vadu Crisului,bh,4046
32027,Oras Valea Lui Mihai,bh,11053
32045,Viisoara,bh,1329
32090,Varciorog,bh,2094
32153,Tamaseu,bh,2064
32161,Paleu,bh,2788
32179,Sannicolau Roman,bh,2266
32187,Rosiori,bh,3023
32195,Gepiu,bh,1853
32201,Toboliu,bh,2096
32394,Municipiul Bistrita,bn,93415
32483,Oras Beclean,bn,12335
32544,Oras Nasaud,bn,11805
32599,Oras Sangeorz-Bai,bn,11682
32633,Bistrita Bargaului,bn,4453
32660,Branistea,bn,3160
32704,Budacu De Jos,bn,3257
32768,Budesti,bn,1961
32811,Caianu Mic,bn,4316
32884,Cetate,bn,2895
32955,Ciceu-Giurgesti,bn,1571
33015,Chiochis,bn,2940
33122,Chiuza,bn,2223
33177,Cosbuc,bn,2034
33202,Dumitra,bn,5453
33248,Feldru,bn,7964
33275,Galatii Bistritei,bn,2524
33337,Ilva Mare,bn,2520
33364,Ilva Mica,bn,3499
33382,Josenii Bargaului,bn,5368
33435,Lechinta,bn,6254
33514,Lesu,bn,2947
33541,Livezile,bn,5101
33603,Lunca Ilvei,bn,3337
33621,Maieru,bn,8110
33658,Matei,bn,2621
33729,Magura Ilvei,bn,2177
33765,Mariselu,bn,2574
33845,Micestii De Campie,bn,1134
33881,Milas,bn,1284
33952,Monor,bn,1421
33989,Nimigea,bn,5421
34075,Nuseni,bn,2857
34155,Parva,bn,2594
34173,Petru Rares,bn,3823
34235,Prundu Bargaului,bn,6455
34262,Rebra,bn,2769
34280,Rebrisoara,bn,4968
34333,Rodna,bn,6449
34360,Romuli,bn,1798
34397,Salva,bn,2831
34422,Silivasu De Campie,bn,1015
34477,Sanmihaiu De Campie,bn,1420
34547,Spermezeu,bn,3775
34618,Sant,bn,3509
34645,Sieu,bn,2994
34690,Sieu-Magherus,bn,4537
34770,Sieu-Odorhei,bn,2367
34850,Sieut,bn,2651
34903,Sintereag,bn,3674
34985,Teaca,bn,5883
35054,Telciu,bn,6120
35090,Tiha Bargaului,bn,6644
35152,Tarlisua,bn,3475
35269,Uriu,bn,3715
35312,Urmenis,bn,1954
35429,Zagra,bn,3609
35731,Municipiul Botosani,bt,122433
35759,Curtesti,bt,5384
35839,Rachiti,bt,4868
35884,Stauceni,bt,3638
35946,Oras Darabani,bt,12792
36006,Municipiul Dorohoi,bt,31341
36060,Oras Saveni,bt,8103
36131,Albesti,bt,6968
36202,Avrameni,bt,3881
36300,Baluseni,bt,5070
36373,Braesti,bt,2116
36426,Broscauti,bt,3497
36453,Oras Bucecea,bt,5418
36499,Calarasi,bt,3621
36532,Concesti,bt,1891
36569,Copalau,bt,4383
36649,Cordareni,bt,1851
36676,Corlateni,bt,2194
36756,Corni,bt,6761
36809,Cotusca,bt,4932
36907,Cristesti,bt,4948
36952,Cristinesti,bt,3947
37011,Dersca,bt,3231
37057,Dangeni,bt,3039
37100,Dobarceni,bt,2643
37173,Draguseni,bt,2691
37217,Durnesti,bt,4055
37280,Oras Flamanzi,bt,11943
37324,Frumusica,bt,6096
37397,George Enescu,bt,3256
37459,Gorbanesti,bt,3534
37547,Havarna,bt,4659
37618,Hanesti,bt,2197
37672,Hiliseu-Horia,bt,3602
37734,Hlipiceni,bt,3674
37770,Hudesti,bt,6282
37823,Ibanesti,bt,3976
37850,Leorda,bt,2556
37912,Lunca,bt,4375
37958,Manoleasa,bt,3407
38063,Mihai Eminescu,bt,7881
38161,Mihaileni,bt,2660
38241,Mihalaseni,bt,2301
38321,Mileanca,bt,2781
38376,Mitoc,bt,1905
38456,Nicseni,bt,2685
38492,Paltinis,bt,3058
38544,Pomarla,bt,2695
38580,Prajeni,bt,3439
38633,Radauti-Prut,bt,3654
38679,Rauseni,bt,2750
38731,Ripiceni,bt,2074
38811,Roma,bt,3421
38848,Romanesti,bt,2114
38893,Santa Mare,bt,2819
38982,Suharau,bt,4729
39051,Sulita,bt,3133
39122,Sendriceni,bt,4211
39168,Oras Stefanesti,bt,5887
39220,Stiubieni,bt,2802
39266,Todireni,bt,3635
39328,Trusesti,bt,5564
39391,Tudora,bt,5179
39417,Ungureni,bt,6719
39532,Unteni,bt,2876
39612,Vaculesti,bt,2053
39658,Viisoara,bt,2005
39694,Varfu Campului,bt,3443
39738,Vladeni,bt,4984
39792,Vlasinesti,bt,2991
39836,Vorniceni,bt,4439
39872,Vorona,bt,7947
39942,Lozna,bt,2073
39959,Dimacheni,bt,1429
39967,Candesti,bt,2101
39975,Cosula,bt,3146
39983,Blandesti,bt,2099
40035,Adaseni,bt,1469
40198,Municipiul Brasov,bv,290955
40214,Oras Ghimbav,bv,5978
40241,Municipiul Codlea,bv,26090
40278,Municipiul Fagaras,bv,39990
40303,Oras Predeal,bv,5177
40367,Oras Rasnov,bv,17715
40394,Oras Rupea,bv,6169
40438,Municipiul Sacele,bv,36059
40465,Oras Victoria,bv,8843
40492,Oras Zarnesti,bv,26632
40526,Apata,bv,3550
40544,Beclean,bv,1709
40606,Bod,bv,4717
40633,Bran,bv,5310
40688,Budila,bv,4614
40704,Bunesti,bv,2687
40768,Cata,bv,2766
40820,Cincu,bv,1997
40857,Comana,bv,3073
40900,Cristian,bv,5015
40928,Dumbravita,bv,5200
40955,Feldioara,bv,7414
40991,Fundata,bv,785
41033,Halchiu,bv,4806
41088,Harman,bv,6203
41113,Harseni,bv,2259
41177,Hoghiz,bv,5225
41248,Homorod,bv,2590
41284,Jibert,bv,2735
41346,Lisa,bv,1809
41382,Maierus,bv,3211
41417,Mandra,bv,2962
41471,Moieciu,bv,4672
41541,Ormenis,bv,2112
41578,Parau,bv,2218
41621,Poiana Marului,bv,3369
41667,Prejmer,bv,9620
41701,Racos,bv,3500
41738,Recea,bv,3248
41818,Sercaia,bv,2924
41854,Sinca,bv,3666
41925,Sanpetru,bv,5761
41943,Soars,bv,2153
42003,Tarlungeni,bv,9297
42058,Teliu,bv,4458
42076,Ticusu,bv,1076
42101,Ucea,bv,2360
42156,Ungra,bv,2284
42183,Vama Buzaului,bv,3547
42236,Vistea,bv,2221
42307,Voila,bv,3152
42398,Vulcan,bv,5007
42449,Sinca Noua,bv,1596
42456,Crizbav,bv,2790
42464,Sambata De Sus,bv,1527
42472,Holbav,bv,1428
42480,Dragus,bv,1102
42498,Augustin,bv,2023
42682,Municipiul Braila,br,210699
42708,Chiscani,br,5793
42753,Oras Faurei,br,4076
42771,Surdila-Greci,br,1519
42824,Baraganul,br,3194
42842,Bertestii De Jos,br,3118
42913,Bordei Verde,br,2696
42968,Ciocile,br,2630
43019,Ciresu,br,3088
43073,Dudesti,br,3735
43117,Frecatei,br,1417
43180,Galbenu,br,3167
43242,Gemenele,br,1838
43279,Gradistea,br,2228
43313,Gropeni,br,3415
43331,Oras Ianca,br,11089
43411,Oras Insuratei,br,7132
43466,Jirlau,br,3227
43493,Marasu,br,2893
43563,Maxineni,br,3483
43625,Mircea Voda,br,3319
43652,Movila Miresii,br,4221
43698,Racovita,br,1117
43732,Ramnicelu,br,2031
43787,Romanu,br,1840
43812,Rosiori,br,2726
43867,Salcia Tudor,br,2602
43929,Scortaru Nou,br,1356
43992,Silistea,br,1876
44060,Stancuta,br,3462
44113,Surdila-Gaiseanca,br,2458
44140,Sutesti,br,4681
44177,Tichilesti,br,3704
44202,Traian,br,3388
44257,Tudor Vladimirescu,br,2183
44300,Tufesti,br,5217
44328,Ulmu,br,3800
44355,Unirea,br,2493
44391,Vadeni,br,4127
44435,Victoria,br,3715
44462,Visani,br,2478
44505,Viziru,br,6503
44532,Zavoaia,br,3219
44560,Cazasu,br,3427
44818,Municipiul Buzau,bz,135662
44845,Municipiul Ramnicu Sarat,bz,40853
44863,Amaru,bz,2418
44934,Balta Alba,bz,2488
44989,Balaceanu,bz,1641
45003,Beceni,bz,4432
45101,Berca,bz,8756
45245,Bisoca,bz,2769
45334,Blajani,bz,1036
45361,Boldu,bz,2269
45389,Bozioru,bz,1085
45496,Bradeanu,bz,2479
45539,Braesti,bz,2472
45619,Breaza,bz,2715
45673,Buda,bz,3063
45753,Calvini,bz,4736
45815,C.a. Rosetti,bz,3667
45888,Canesti,bz,810
45959,Catina,bz,2500
46019,Cernatesti,bz,3724
46108,Chiliile,bz,567
46180,Chiojdu,bz,3448
46251,Cilibia,bz,1879
46313,Cislau,bz,4775
46377,Cochirleanca,bz,5504
46439,Colti,bz,1047
46484,Costesti,bz,4955
46554,Cozieni,bz,2010
46769,Galbinasi,bz,4266
46803,Gheraseni,bz,3409
46830,Ghergheasa,bz,2281
46867,Glodeanu Sarat,bz,4238
46910,Glodeanu-Silistea,bz,3749
47006,Grebanu,bz,5417
47079,Gura Teghii,bz,3472
47159,Largu,bz,1565
47186,Lopatari,bz,3953
47300,Luciu,bz,2855
47337,Magura,bz,2153
47373,Maracineni,bz,8832
47417,Margaritesti,bz,647
47453,Merei,bz,6773
47578,Mihailesti,bz,2117
47630,Manzalesti,bz,2475
47774,Movila Banului,bz,2589
47818,Murgesti,bz,897
47854,Naeni,bz,1780
47916,Oras Nehoiu,bz,11212
48021,Odaile,bz,854
48138,Padina,bz,4107
48165,Pardosi,bz,400
48227,Panatau,bz,2417
48325,Oras Patarlagele,bz,7751
48487,Pietroasele,bz,3296
48557,Parscov,bz,5643
48682,Podgoria,bz,3206
48744,Oras Pogoanele,bz,7553
48771,Posta Calnau,bz,6145
48842,Puiesti,bz,3888
48922,Racoviteni,bz,1315
48968,Ramnicelu,bz,4896
49019,Robeasca,bz,1094
49046,Rusetu,bz,3834
49073,Sageata,bz,4776
49153,Sahateni,bz,3397
49206,Sapoca,bz,3428
49233,Sarulesti,bz,1363
49313,Scortoasa,bz,2823
49439,Scutelnici,bz,2322
49484,Siriu,bz,3233
49545,Smeeni,bz,6636
49625,Stalpu,bz,3128
49643,Tisau,bz,4601
49769,Topliceni,bz,4365
49849,Tintesti,bz,4536
49894,Ulmeni,bz,3156
49956,Vadu Pasii,bz,9714
50022,Valea Ramnicului,bz,5681
50068,Valea Salciei,bz,746
50102,Vernesti,bz,9101
50228,Vintila Voda,bz,2984
50326,Viperesti,bz,3538
50399,Valcelele,bz,1494
50415,Zarnesti,bz,5076
50479,Ziduri,bz,4427
50549,Unguriu,bz,2303
50564,Florica,bz,1351
50790,Municipiul Resita,cs,88613
50889,Oras Anina,cs,9343
50923,Oras Baile Herculane,cs,5167
50969,Oras Bocsa,cs,19160
50987,Ocna De Fier,cs,724
51010,Municipiul Caransebes,cs,30527
51056,Oras Moldova Noua,cs,13560
51118,Oras Oravita,cs,13361
51207,Oras Otelu Rosu,cs,12695
51243,Armenis,cs,2433
51305,Bania,cs,1748
51332,Bautar,cs,2573
51387,Berliste,cs,1258
51449,Berzasca,cs,2772
51500,Berzovia,cs,3940
51546,Bolvasnita,cs,1391
51573,Bozovici,cs,3023
51626,Brebu,cs,1155
51662,Brebu Nou,cs,298
51699,Buchin,cs,2034
51751,Bucosnita,cs,2793
51804,Carasova,cs,2976
51840,Carbunari,cs,983
51877,Constantin Daicoviciu,cs,2789
51948,Ciclova Romana,cs,1605
51984,Ciuchici,cs,1060
52035,Ciudanovita,cs,680
52062,Copacele,cs,1136
52115,Cornea,cs,1767
52160,Cornereva,cs,2966
52570,Dalboset,cs,1676
52650,Doclin,cs,1940
52696,Dognecea,cs,2151
52721,Domasnea,cs,1309
52758,Ezeris,cs,1304
52785,Farliug,cs,1739
52856,Forotic,cs,1784
52909,Garnic,cs,1447
52936,Glimboca,cs,1873
52954,Goruia,cs,791
52990,Gradinari,cs,2058
53023,Iablanita,cs,2144
53069,Lapusnicel,cs,993
53103,Lapusnicu Mare,cs,1695
53130,Luncavita,cs,2441
53167,Lupac,cs,2664
53210,Marga,cs,1095
53247,Maureni,cs,2942
53274,Mehadia,cs,4139
53327,Mehadica,cs,696
53345,Naidas,cs,1083
53372,Obreja,cs,3434
53425,Paltinis,cs,2453
53489,Coronini,cs,1978
53513,Pojejena,cs,2861
53577,Prigor,cs,2483
53639,Ramna,cs,1601
53675,Racasdia,cs,2122
53700,Eftimie Murgu,cs,1604
53728,Rusca Montana,cs,1945
53755,Sacu,cs,1604
53791,Sasca Montana,cs,1498
53853,Sichevita,cs,2134
54056,Slatina-Timis,cs,3019
54109,Socol,cs,2172
54163,Sopotu Nou,cs,1164
54270,Teregova,cs,4063
54305,Ticvaniu Mare,cs,2001
54350,Tarnova,cs,1670
54387,Toplet,cs,2612
54412,Turnu Ruieni,cs,3481
54485,Valiug,cs,769
54500,Varadia,cs,1421
54537,Vermes,cs,1534
54573,Vrani,cs,1169
54617,Zavoi,cs,4143
54699,Zorlentu Mare,cs,868
54975,Municipiul Cluj-Napoca,cj,321916
55008,Municipiul Dej,cj,38986
55062,Cuzdrioara,cj,2993
55106,Jichisu De Jos,cj,1151
55160,Mica,cj,3616
55259,Municipiul Turda,cj,57341
55277,Mihai Viteazu,cj,5795
55311,Sandulesti,cj,2008
55357,Municipiul Campia Turzii,cj,28318
55384,Municipiul Gherla,cj,23245
55446,Oras Huedin,cj,9632
55473,Aghiresu,cj,6789
55598,Aiton,cj,1043
55623,Alunis,cj,1211
55687,Apahida,cj,11927
55776,Aschileu,cj,1602
55838,Baciu,cj,10814
55918,Baisoara,cj,2059
56014,Belis,cj,1327
56096,Bobalna,cj,1496
56210,Bontida,cj,4880
56265,Borsa,cj,1381
56327,Buza,cj,1280
56354,Caianu,cj,2386
56425,Calarasi,cj,2440
56461,Calatele,cj,2458
56522,Camarasu,cj,2779
56568,Capusu Mare,cj,3110
56666,Caseiu,cj,4785
56773,Catina,cj,1872
56844,Ceanu Mare,cj,3927
56988,Chinteni,cj,3147
57083,Chiuiesti,cj,2530
57163,Ciucea,cj,1569
57225,Ciurila,cj,1461
57314,Catcau,cj,2318
57350,Cojocna,cj,4189
57449,Cornesti,cj,1382
57546,Dabaca,cj,1445
57582,Feleacu,cj,3766
57644,Fizesu Gherlii,cj,2677
57706,Floresti,cj,28163
57742,Frata,cj,4085
57831,Geaca,cj,1554
57902,Gilau,cj,8704
57948,Garbau,cj,2318
58008,Iara,cj,4063
58142,Iclod,cj,4362
58204,Izvoru Crisului,cj,1555
58259,Jucu,cj,4319
58311,Luna,cj,4687
58357,Maguri-Racatau,cj,2376
58393,Manastireni,cj,1449
58464,Margau,cj,1586
58534,Marisel,cj,1571
58552,Mintiu Gherlii,cj,3831
58623,Mociu,cj,3336
58721,Moldovenesti,cj,3228
58794,Palatca,cj,1124
58856,Panticeu,cj,1733
58918,Petrestii De Jos,cj,1541
58990,Ploscos,cj,690
59041,Poieni,cj,5052
59130,Recea-Cristur,cj,1380
59238,Risca,cj,1494
59283,Sacuieu,cj,1494
59327,Savadisla,cj,4176
59416,Sic,cj,2405
59434,Sancraiu,cj,1572
59498,Sanmartin,cj,1384
59586,Sanpaul,cj,2273
59657,Suatu,cj,1668
59693,Tritenii De Jos,cj,4699
59764,Tureni,cj,2235
59826,Taga,cj,1821
59880,Unguras,cj,2737
59942,Vad,cj,2026
60026,Valea Ierii,cj,937
60062,Viisoara,cj,5999
60099,Vultureni,cj,1367
60169,Negreni,cj,2393
60419,Municipiul Constanta,ct,317974
60455,Oras Eforie,ct,10986
60482,Municipiul Mangalia,ct,42237
60507,Oras Navodari,ct,41693
60534,Oras Techirghiol,ct,8076
60570,Agigea,ct,7937
60598,23-Aug,ct,5753
60632,Limanu,ct,6559
60687,Oras Ovidiu,ct,15620
60721,Tuzla,ct,7115
60776,Oras Cernavoda,ct,19401
60801,Oras Harsova,ct,11231
60847,Municipiul Medgidia,ct,46106
60883,Adamclisi,ct,2388
60945,Albesti,ct,3758
61005,Aliman,ct,2888
61069,Oras Baneasa,ct,5836
61121,Castelu,ct,5422
61167,Cerchezu,ct,1436
61210,Chirnogeni,ct,3403
61256,Ciobanu,ct,3530
61283,Ciocarlia,ct,3145
61318,Cobadin,ct,9499
61372,Cogealac,ct,5598
61452,Comana,ct,2019
61513,Corbu,ct,6292
61559,Crucea,ct,3255
61620,Cumpana,ct,14219
61675,Deleni,ct,2490
61737,Dobromir,ct,3505
61808,Garliciu,ct,1740
61826,Ghindaresti,ct,2728
61871,Independenta,ct,3058
61951,Ion Corvin,ct,2092
62020,Istria,ct,2588
62057,Lipnita,ct,3235
62137,Mereni,ct,2471
62191,Mihail Kogalniceanu,ct,10302
62253,Mihai Viteazu,ct,3725
62280,Mircea Voda,ct,5372
62360,Oras Murfatlar,ct,11649
62397,Oras Negru Voda,ct,5786
62440,Nicolae Balcescu,ct,5502
62486,Oltina,ct,2697
62538,Ostrov,ct,5035
62609,Pantelimon,ct,1841
62672,Pecineaga,ct,3418
62707,Pestera,ct,3564
62761,Poarta Alba,ct,5627
62798,Rasova,ct,3902
62823,Saraiu,ct,1335
62878,Sacele,ct,2406
62903,Seimeni,ct,2231
62949,Silistea,ct,1519
62985,Targusor,ct,1680
63045,Topalu,ct,1816
63072,Topraisar,ct,6182
63125,Valu Lui Traian,ct,14722
63152,Lumina,ct,10611
63161,Dumbraveni,ct,562
63170,Vulturu,ct,749
63189,Tortoman,ct,1925
63198,Amzacea,ct,2853
63278,Horia,ct,1173
63286,Costinesti,ct,3171
63294,Baraganu,ct,2148
63300,Cuza Voda,ct,4363
63318,Saligny,ct,2283
63326,Gradina,ct,1156
63334,Fantanele,ct,1632
63394,Municipiul Sfantu Gheorghe,cv,65118
63447,Oras Baraolt,cv,9366
63526,Oras Covasna,cv,11343
63553,Comandau,cv,1011
63580,Oras Intorsura Buzaului,cv,9368
63633,Barcani,cv,4023
63688,Sita Buzaului,cv,4881
63740,Municipiul Targu Secuiesc,cv,20281
63777,Aita Mare,cv,1671
63802,Batani,cv,4680
63866,Belin,cv,3031
63893,Bodoc,cv,2580
63937,Borosneu Mare,cv,3295
64005,Brates,cv,1497
64041,Bradut,cv,5108
64096,Bretcu,cv,3702
64130,Catalina,cv,3391
64194,Cernat,cv,4034
64238,Chichis,cv,1584
64265,Dobarlau,cv,2195
64318,Ghelinta,cv,5173
64345,Ghidfalau,cv,2673
64390,Haghig,cv,2327
64425,Ilieni,cv,2014
64461,Lemnia,cv,1930
64504,Malnas,cv,1066
64568,Moacsa,cv,1217
64602,Ojdula,cv,3586
64639,Ozun,cv,4655
64719,Poian,cv,1773
64773,Reci,cv,2299
64826,Sanzieni,cv,4679
64871,Turia,cv,3897
64906,Valea Crisului,cv,2430
64942,Valcele,cv,5040
64997,Varghis,cv,1850
65011,Zagon,cv,5347
65048,Zabala,cv,4870
65099,Valea Mare,cv,1154
65105,Mereni,cv,1318
65113,Arcus,cv,1600
65121,Bixad,cv,1821
65139,Micfalau,cv,1852
65147,Dalnic,cv,967
65154,Estelnic,cv,1155
65342,Municipiul Targoviste,db,93626
65379,Aninoasa,db,6211
65413,Doicesti,db,4789
65431,Razvad,db,8774
65477,Sotanga,db,7211
65501,Ulmi,db,4411
65609,Oras Fieni,db,7652
65645,Motaieni,db,2091
65681,Oras Gaesti,db,15346
65707,Gura Foii,db,2220
65752,Petresti,db,5623
65841,Municipiul Moreni,db,20524
65869,Iedera,db,3958
65921,Oras Pucioasa,db,15401
66009,Branesti,db,4330
66081,Oras Titu,db,10361
66152,Branistea,db,4186
66198,Baleni,db,8783
66223,Barbuletu,db,2205
66330,Bezdead,db,4560
66401,Bilciuresti,db,1847
66438,Buciumeni,db,4530
66474,Bucsani,db,6933
66526,Candesti,db,2803
66580,Cobia,db,3060
66697,Cojasca,db,8453
66731,Comisani,db,5185
66768,Contesti,db,4326
66857,Corbii Mari,db,8067
66955,Cornatelu,db,1426
67014,Cornesti,db,6266
67121,Costestii Din Vale,db,3545
67167,Crangurile,db,3445
67256,Darmanesti,db,4888
67292,Dobra,db,3632
67327,Dragodana,db,6703
67407,Dragomiresti,db,8785
67470,Finta,db,4149
67522,Glodeni,db,4356
67595,Gura Ocnitei,db,7312
67648,Gura Sutii,db,5395
67675,Hulubesti,db,3238
67737,I. L. Caragiale,db,6810
67773,Lucieni,db,3011
67835,Ludesti,db,5151
67906,Lunguletu,db,5513
67942,Malu Cu Flori,db,2303
68002,Manesti,db,5219
68048,Matasaru,db,5249
68128,Mogosani,db,4343
68182,Moroeni,db,5159
68253,Morteni,db,2839
68280,Nucet,db,4285
68324,Ocnita,db,4463
68342,Odobesti,db,5108
68404,Pietrosita,db,3196
68431,Poiana,db,3609
68468,Potlogi,db,8992
68529,Produlesti,db,3432
68565,Pucheni,db,1856
68627,Oras Racari,db,6524
68716,Runcu,db,4436
68789,Salcioara,db,3913
68887,Selaru,db,3164
68921,Tatarani,db,5199
68976,Uliesti,db,4131
69063,Valea Lunga,db,4773
69170,Valea Mare,db,2204
69250,Vacaresti,db,5214
69303,Valeni-Dambovita,db,2614
69330,Visina,db,4007
69394,Visinesti,db,1889
69447,Varfuri,db,1891
69526,Voinesti,db,6024
69615,Vulcana-Bai,db,3038
69900,Municipiul Craiova,dj,305946
69964,Bucovat,dj,4160
70094,Isalnita,dj,4014
70110,Podari,dj,6708
70174,Simnicu De Sus,dj,4671
70316,Municipiul Bailesti,dj,20016
70352,Municipiul Calafat,dj,18542
70414,Oras Filiasi,dj,18439
70502,Oras Segarcea,dj,8028
70520,Afumati,dj,2693
70566,Almaj,dj,1904
70637,Amarastii De Jos,dj,5590
70673,Amarastii De Sus,dj,1653
70726,Apele Vii,dj,2073
70744,Argetoaia,dj,4582
70879,Oras Bechet,dj,4353
70897,Bistret,dj,4316
70940,Barca,dj,4084
70968,Botosesti-Paia,dj,711
70986,Brabova,dj,1315
71055,Bradesti,dj,4498
71126,Bralostita,dj,3749
71199,Bratovoesti,dj,3187
71260,Breasta,dj,4182
71340,Bulzesti,dj,1414
71457,Calopar,dj,3895
71518,Caraula,dj,2518
71536,Carpen,dj,2309
71572,Castranova,dj,3223
71607,Calarasi,dj,5900
71634,Celaru,dj,4438
71698,Cerat,dj,4187
71723,Cernatesti,dj,1786
71787,Cetate,dj,5462
71812,Cioroiasi,dj,1519
71858,Ciupercenii Noi,dj,5235
71885,Cosoveni,dj,3268
71910,Cotofenii Din Dos,dj,2326
71956,Daneti,dj,5904
72007,Oras Dabuleni,dj,12181
72034,Desa,dj,4920
72052,Diosti,dj,3000
72098,Dobresti,dj,2394
72150,Dragotesti,dj,2141
72221,Dranic,dj,2434
72276,Farcas,dj,2091
72383,Galicea Mare,dj,4101
72409,Ghercesti,dj,1663
72463,Gighera,dj,2881
72506,Giubega,dj,2040
72533,Giurgita,dj,2992
72579,Gangiova,dj,2628
72604,Gogosu,dj,608
72640,Goicea,dj,2607
72677,Goiesti,dj,3030
72819,Grecesti,dj,1633
72882,Izvoare,dj,1575
72926,Leu,dj,4676
72953,Lipovu,dj,3255
72980,Macesu De Jos,dj,1272
73013,Macesu De Sus,dj,1257
73031,Maglavit,dj,4756
73068,Malu Mare,dj,4406
73102,Melinesti,dj,3979
73246,Mischii,dj,1655
73317,Marsani,dj,4648
73335,Motatei,dj,7149
73371,Murgasi,dj,2366
73460,Negoi,dj,2394
73503,Orodel,dj,2644
73567,Ostroveni,dj,5029
73594,Perisor,dj,1680
73629,Pielesti,dj,3634
73665,Piscu Vechi,dj,2751
73709,Plenita,dj,4624
73736,Poiana Mare,dj,10675
73772,Predesti,dj,2085
73852,Radovan,dj,1344
73905,Rast,dj,3565
73923,Robanesti,dj,2294
73996,Sadova,dj,8734
74028,Salcuta,dj,2162
74073,Scaesti,dj,2097
74108,Seaca De Camp,dj,1856
74135,Seaca De Padure,dj,975
74171,Secu,dj,1057
74224,Silistea Crucii,dj,1470
74242,Sopot,dj,1745
74322,Teasc,dj,3059
74359,Terpezita,dj,1556
74411,Teslui,dj,2312
74509,Tuglui,dj,2888
74536,Unirea,dj,3787
74554,Urzicuta,dj,3049
74581,Valea Stanciului,dj,5443
74616,Vela,dj,1859
74705,Verbita,dj,1283
74732,Vartop,dj,1706
74750,Varvoru De Jos,dj,2534
74842,Catane,dj,1991
74859,Carcea,dj,2307
74867,Carna,dj,1383
74875,Cotofenii Din Fata,dj,1972
74883,Dobrotesti,dj,1648
74891,Galiciuica,dj,1365
74907,Ghidici,dj,2398
74915,Ghindeni,dj,1814
74923,Intorsura,dj,1492
74931,Plesoi,dj,1343
74949,Rojiste,dj,2441
74956,Talpas,dj,1259
75098,Municipiul Galati,gl,304610
75114,Sendreni,gl,4527
75150,Vanatori,gl,5630
75203,Municipiul Tecuci,gl,45487
75221,Draganesti,gl,6608
75258,Munteni,gl,7787
75338,Oras Beresti,gl,3404
75356,Beresti-Meria,gl,3846
75472,Oras Targu Bujor,gl,7395
75515,Barcea,gl,6462
75542,Balabanesti,gl,2064
75613,Balasesti,gl,2350
75668,Baleni,gl,2441
75686,Baneasa,gl,2149
75711,Branistea,gl,4363
75766,Brahasesti,gl,9812
75819,Buciumeni,gl,2551
75864,Cavadinesti,gl,3048
75917,Certesti,gl,2402
75953,Corod,gl,7747
76004,Corni,gl,2242
76040,Cosmesti,gl,6749
76111,Costache Negri,gl,2758
76139,Cuca,gl,2269
76157,Cudalbi,gl,7624
76175,Draguseni,gl,5851
76255,Fartanesti,gl,5221
76282,Foltesti,gl,3322
76317,Frumusita,gl,5574
76353,Fundeni,gl,3909
76406,Ghidigeni,gl,6868
76497,Gohor,gl,3406
76558,Grivita,gl,3848
76585,Independenta,gl,4775
76601,Ivesti,gl,10204
76638,Jorasti,gl,1846
76674,Liesti,gl,10979
76692,Matca,gl,12542
76718,Mastacani,gl,5042
76745,Movileni,gl,3384
76763,Namoloasa,gl,2172
76807,Nicoresti,gl,4121
76932,Oancea,gl,1418
76969,Pechea,gl,11384
76996,Piscu,gl,4927
77028,Priponesti,gl,2252
77082,Rediu,gl,2212
77126,Scanteiesti,gl,2528
77153,Schela,gl,3839
77180,Slobozia Conachi,gl,4396
77224,Smardan,gl,5548
77260,Smulti,gl,1474
77288,Suceveni,gl,1797
77313,Tudor Vladimirescu,gl,5309
77331,Tulucesti,gl,7734
77377,Tepu,gl,2539
77402,Umbraresti,gl,7302
77475,Valea Marului,gl,3688
77509,Varlezi,gl,2062
77536,Vladesti,gl,2319
77561,Radesti,gl,1572
77579,Negrilesti,gl,2561
77587,Poiana,gl,1768
77595,Cuza Voda,gl,2806
77601,Suhurlui,gl,1431
77812,Municipiul Targu Jiu,gj,96887
77910,Balesti,gj,7417
78016,Dragutesti,gj,4996
78089,Turcinesti,gj,2110
78141,Municipiul Motru,gj,22945
78258,Oras Novaci,gj,5754
78329,Oras Targu Carbunesti,gj,8709
78454,Oras Ticleni,gj,4826
78472,Albeni,gj,2902
78542,Alimpesti,gj,1819
78604,Aninoasa,gj,3907
78668,Arcani,gj,1241
78711,Baia De Fier,gj,4291
78748,Balanesti,gj,2096
78828,Barbatesti,gj,1657
78873,Bengesti-Ciocadia,gj,3241
78926,Berlesti,gj,2075
79004,Balteni,gj,7704
79077,Bolbosi,gj,3312
79157,Borascu,gj,3341
79237,Branesti,gj,2312
79308,Oras Bumbesti-Jiu,gj,10088
79362,Bumbesti-Pitic,gj,2130
79406,Bustuchin,gj,3337
79497,Capreni,gj,2093
79585,Catunele,gj,2690
79656,Ciuperceni,gj,1532
79736,Calnic,gj,2218
79834,Crasna,gj,4897
79932,Cruset,gj,3239
80043,Danciulesti,gj,2056
80123,Danesti,gj,3668
80249,Dragotesti,gj,2567
80285,Farcasesti,gj,3261
80365,Glogova,gj,1962
80427,Godinesti,gj,1958
80506,Hurezani,gj,1652
80560,Ionesti,gj,2330
80613,Jupanesti,gj,2140
80677,Lelesti,gj,1730
80711,Licurici,gj,2216
80766,Logresti,gj,2645
80846,Matasari,gj,5333
80908,Musetesti,gj,1974
80980,Negomir,gj,3619
81095,Pades,gj,4929
81184,Pestisani,gj,3796
81264,Plopsoru,gj,6682
81380,Polovragi,gj,2743
81415,Prigoria,gj,2999
81497,Rosia De Amaradia,gj,3145
81576,Runcu,gj,5084
81656,Samarinesti,gj,1771
81754,Sacelu,gj,1454
81816,Saulesti,gj,2253
81861,Scoarta,gj,4605
81987,Schela,gj,1733
82047,Slivilesti,gj,3326
82136,Stanesti,gj,2231
82243,Stejari,gj,2412
82314,Stoina,gj,2315
82396,Telesti,gj,2758
82430,Oras Tismana,gj,7134
82555,Turburea,gj,4239
82617,Oras Turceni,gj,8117
82680,Tantareni,gj,5651
82733,Urdari,gj,3161
82779,Vagiulesti,gj,2568
82831,Vladimir,gj,2784
82895,Oras Rovinari,gj,13662
83133,Municipiul Odorheiu Secuiesc,hr,38590
83151,Bradesti,hr,2023
83197,Feliceni,hr,3335
83320,Municipiul Miercurea Ciuc,hr,42130
83375,Pauleni-Ciuc,hr,1922
83428,Oras Baile Tusnad,hr,1684
83464,Oras Balan,hr,7931
83491,Oras Borsec,hr,2772
83525,Oras Cristuru Secuiesc,hr,10801
83561,Municipiul Gheorgheni,hr,20031
83632,Municipiul Toplita,hr,16042
83749,Oras Vlahita,hr,7649
83785,Atid,hr,3075
83847,Avramesti,hr,2785
83936,Bilbor,hr,2678
83963,Capalnita,hr,2125
83981,Ciucsangeorgiu,hr,5028
84086,Ciumani,hr,4441
84102,Carta,hr,2779
84148,Corbu,hr,1482
84175,Corund,hr,6514
84237,Danesti,hr,2217
84264,Dealu,hr,4106
84344,Ditrau,hr,5903
84380,Darjiu,hr,1069
84415,Frumoasa,hr,3784
84460,Galautas,hr,2509
84558,Joseni,hr,5829
84594,Lazarea,hr,3599
84629,Lueta,hr,3703
84656,Lunca De Jos,hr,5675
84754,Lunca De Sus,hr,3425
84825,Lupeni,hr,4687
84923,Martinis,hr,2928
85056,Meresti,hr,1364
85074,Mihaileni,hr,2741
85127,Mugeni,hr,3600
85243,Ocland,hr,1332
85289,Plaiesii De Jos,hr,2857
85341,Praid,hr,6957
85412,Remetea,hr,6390
85467,Sacel,hr,1254
85528,Sarmas,hr,3996
85582,Secuieni,hr,2820
85626,Siculeni,hr,2866
85680,Sancraieni,hr,2619
85760,Sandominic,hr,6363
85788,Sanmartin,hr,2401
85840,Sansimion,hr,3637
85877,Subcetate,hr,1874
85920,Suseni,hr,5277
85984,Simonesti,hr,3942
86133,Tulghes,hr,3229
86188,Tusnad,hr,2216
86222,Ulies,hr,1178
86311,Varsag,hr,1676
86339,Voslabeni,hr,1989
86366,Zetea,hr,6016
86438,Madaras,hr,2243
86446,Cozmeni,hr,2260
86453,Tomesti,hr,2668
86461,Ciceu,hr,2797
86479,Leliceni,hr,2141
86487,Porumbeni,hr,1891
86495,Racu,hr,1639
86501,Satu Mare,hr,2117
86519,Santimbru,hr,2188
86687,Municipiul Deva,hd,70456
86749,Carjiti,hd,680
86810,Municipiul Hunedoara,hd,74279
86883,Ghelari,hd,2097
86936,Teliucu Inferior,hd,2546
86990,Municipiul Petrosani,hd,43219
87059,Municipiul Lupeni,hd,27186
87077,Oras Petrila,hd,25130
87139,Oras Uricani,hd,9851
87175,Municipiul Vulcan,hd,28952
87219,Oras Aninoasa,hd,4753
87246,Banita,hd,1153
87291,Municipiul Brad,hd,15937
87362,Criscior,hd,3898
87424,Oras Calan,hd,13358
87576,Oras Hateg,hd,10897
87638,Municipiul Orastie,hd,22598
87665,Oras Simeria,hd,13940
87745,Baia De Cris,hd,2559
87843,Balsa,hd,857
87996,Baru,hd,2779
88047,Bacia,hd,1844
88092,Baita,hd,3494
88216,Batrana,hd,122
88261,Beriu,hd,3401
88350,Blajeni,hd,1089
88449,Bosorod,hd,1982
88546,Branisca,hd,1576
88644,Bretea Romana,hd,2828
88788,Buces,hd,1890
88868,Bucuresci,hd,1562
88920,Bulzestii De Sus,hd,282
89026,Bunila,hd,323
89080,Burjuc,hd,819
89151,Cerbal,hd,462
89240,Certeju De Sus,hd,3034
89348,Densus,hd,1475
89428,Dobra,hd,3356
89561,Oras Geoagiu,hd,5638
89687,Gurasada,hd,1418
89801,Harau,hd,2098
89856,Ilia,hd,3674
89954,Lapugiu De Jos,hd,1427
90066,Lelese,hd,393
90119,Lunca Cernii De Jos,hd,887
90208,Luncoiu De Jos,hd,1775
90262,Martinesti,hd,1005
90342,Orastioara De Sus,hd,2158
90431,Pestisu Mic,hd,1152
90538,Pui,hd,4278
90663,Rapoltu Mare,hd,1983
90725,Rachitova,hd,1330
90805,Ribita,hd,1290
90878,Rau De Mori,hd,3236
90994,Romos,hd,2735
91054,Sarmizegetusa,hd,1189
91116,Salasu De Sus,hd,2307
91232,Santamaria-Orlea,hd,3194
91330,Soimus,hd,3500
91447,Tomesti,hd,1042
91535,Toplita,hd,770
91624,Totesti,hd,1906
91688,Turdas,hd,2098
91731,General Berthelot,hd,918
91795,Vata De Jos,hd,3626
91937,Valisoara,hd,1210
91982,Vetel,hd,2849
92097,Vorta,hd,793
92177,Zam,hd,1680
92569,Municipiul Calarasi,cl,77735
92587,Modelu,cl,10594
92658,Municipiul Slobozia,il,53117
92701,Municipiul Fetesti,il,35584
92765,Oras Tandarei,il,16992
92783,Albesti,il,1282
92836,Oras Amara,il,8002
92872,Andrasesti,il,2235
92907,Balaciu,il,1632
92961,Borcea,cl,8286
92989,Bordusani,il,5137
93021,Bucu,il,2470
93067,Oras Cazanesti,il,3584
93085,Ciocanesti,cl,4120
93101,Ciochina,il,3184
93156,Ciulnita,il,2494
93209,Cocora,il,2129
93236,Cosambesti,il,1848
93281,Cuza Voda,cl,3955
93325,Dichiseni,cl,1788
93370,Dor Marunt,cl,6809
93441,Dorobantu,cl,2821
93487,Dragalina,cl,8758
93539,Dragos Voda,cl,2930
93575,Facaeni,il,5565
93600,Gheorghe Doja,il,2638
93628,Gheorghe Lazar,il,2315
93646,Giurgeni,il,1474
93664,Gradistea,cl,4789
93717,Grindu,il,2109
93735,Grivita,il,3446
93771,Independenta,cl,3546
93815,Jegalia,cl,4294
93851,Lehliu,cl,2592
93888,Oras Lehliu Gara,cl,6711
93931,Lupsanu,cl,3198
93995,Mihail Kogalniceanu,il,3280
94045,Milosesti,il,2671
94081,Movila,il,1995
94107,Munteni-Buzau,il,3510
94125,Alexandru Odobescu,cl,2736
94161,Perieti,il,3739
94223,Perisoru,cl,5300
94269,Reviga,il,2826
94312,Roseti,cl,6482
94330,Salcioara,il,2249
94376,Saveni,il,3524
94429,Scanteia,il,3881
94456,Sfantu Gheorghe,il,1922
94492,Stelnica,il,1909
94535,Suditi,il,2127
94562,Stefan Cel Mare,cl,3289
94580,Stefan Voda,cl,2360
94606,Ulmu,cl,1365
94651,Unirea,cl,2780
94688,Valea Ciorii,il,1876
94731,Valcelele,cl,1742
94768,Vlad Tepes,cl,2108
94795,Vladeni,il,2176
95060,Municipiul Iasi,is,363312
95088,Barnova,is,6296
95159,Holboca,is,14886
95239,Rediu,is,6107
95293,Tomesti,is,13935
95355,Oras Harlau,is,12429
95391,Municipiul Pascani,is,43383
95471,Oras Targu Frumos,is,14593
95499,Ion Neculce,is,5821
95612,Alexandru I. Cuza,is,2918
95667,Andrieseni,is,4418
95747,Aroneanu,is,3812
95792,Baltati,is,5624
95872,Belcesti,is,11514
95943,Bivolari,is,4336
96003,Ungheni,is,4425
96058,Braesti,is,3213
96110,Butea,is,4319
96147,Ceplenita,is,4434
96192,Ciortesti,is,4273
96254,Ciurea,is,14490
96334,Coarnele Caprei,is,3057
96370,Comarna,is,5634
96423,Costuleni,is,5506
96478,Cotnari,is,7981
96593,Cozmesti,is,2885
96637,Cristesti,is,4084
96664,Cucuteni,is,1315
96717,Dagata,is,4941
96815,Deleni,is,10513
96888,Dobrovat,is,2415
96904,Dolhesti,is,2832
96940,Dumesti,is,5086
97009,Erbiceni,is,5787
97063,Focuri,is,4100
97090,Golaiesti,is,3995
97189,Gorban,is,3056
97241,Grajduri,is,8409
97321,Gropnita,is,3389
97394,Grozesti,is,1756
97438,Halaucesti,is,5856
97465,Helesteni,is,2755
97517,Horlesti,is,3117
97553,Ipatele,is,1829
97606,Lespezi,is,6004
97679,Letcani,is,7679
97722,Lungani,is,6331
97777,Madarjac,is,1675
97811,Mircesti,is,3968
97875,Mironeasa,is,5802
97919,Miroslava,is,15689
98051,Miroslovesti,is,4493
98113,Mogosesti,is,5324
98168,Mogosesti-Siret,is,3858
98202,Mosna,is,6853
98220,Motca,is,5481
98257,Movileni,is,3164
98300,Oteleni,is,3775
98337,Plugari,is,3536
98373,Oras Podu Iloaiei,is,11035
98435,Popesti,is,5573
98505,Popricani,is,8287
98603,Prisacani,is,3472
98649,Probota,is,3761
98685,Raducaneni,is,9248
98738,Romanesti,is,1856
98774,Ruginoasa,is,6456
98827,Schitu Duca,is,4116
98916,Scanteia,is,5428
98998,Scobinti,is,7666
99058,Sinesti,is,4592
99101,Siretel,is,4381
99165,Stolniceni-Prajescu,is,5509
99209,Strunga,is,4449
99290,Scheia,is,3364
99370,Sipote,is,5347
99441,Tansa,is,2588
99478,Tatarusi,is,5640
99539,Todiresti,is,5334
99600,Trifesti,is,4010
99673,Tibana,is,8177
99780,Tibanesti,is,8305
99879,Tiganasi,is,4809
99922,Tutora,is,2153
99968,Valea Seaca,is,6176
100004,Victoria,is,4534
100086,Vanatori,is,4705
100148,Vladeni,is,4432
100219,Voinesti,is,8096
100273,Bals,is,3650
100282,Costesti,is,1831
100308,Draguseni,is,1513
100317,Fantanele,is,2108
100326,Harmanesti,is,2496
100335,Rachiteni,is,3439
100344,Roscani,is,1559
100353,Valea Lupului,is,6467
100362,Ciohorani,is,2026
100521,Municipiul Giurgiu,gr,69105
100549,Slobozia,gr,2379
100576,Oras Buftea,if,22133
100610,Municipiul Oltenita,cl,28334
100638,Mitreni,cl,4211
100683,Municipiul Urziceni,il,17501
100709,Ciocarlia,il,781
100736,Manasia,il,4681
100754,Adancata,il,2474
100781,Adunatii-Copaceni,gr,6144
100834,Afumati,if,7916
100852,Alexeni,il,2399
100870,Armasesti,il,2331
100923,Axintele,il,2435
100969,Balotesti,if,8265
101001,Baneasa,gr,4977
101056,Barcanesti,il,3632
101083,Belciugatele,cl,2151
101145,Berceni,if,5827
101163,Bolintin-Deal,gr,6264
101190,Oras Bolintin-Vale,gr,13717
101243,Brazii,il,1201
101298,Branesti,if,8978
101341,Brezoaele,db,3598
101378,Bucsani,gr,3622
101458,Oras Budesti,cl,7738
101519,Bulbucata,gr,1367
101564,Butimanu,db,2290
101617,Buturugeni,gr,4008
101662,Calugareni,gr,5587
101724,Cascioarele,cl,1825
101742,Cernica,if,10339
101804,Chirnogi,cl,7395
101822,Chiselet,cl,3325
101840,Ciocanesti,db,5254
101902,Ciolpani,if,5123
101957,Ciorogarla,if,5819
101984,Clejani,gr,3573
102035,Clinceni,if,6411
102071,Colibasi,gr,3264
102106,Comana,gr,6785
102160,Corbeanca,if,6642
102213,Cornetu,if,5826
102240,Cosereni,il,4561
102286,Crevedia,db,5823
102348,Crevedia Mare,gr,4874
102419,Curcani,cl,5468
102446,Daia,gr,2587
102473,Dascalu,if,2881
102525,Darasti-Ilfov,if,2659
102543,1 Decembrie,if,8016
102570,Domnesti,if,8484
102605,Dragomiresti-Vale,if,4889
102641,Dragoesti,il,938
102703,Dridu,il,3325
102749,Oras Fierbinti-Targ,il,4643
102794,Floresti-Stoenesti,gr,8601
102838,Frasinet,cl,1713
102909,Fratesti,gr,5268
102945,Frumusani,cl,4970
103014,Fundeni,cl,4867
103032,Oras Fundulea,cl,6765
103087,Gaiseni,gr,5509
103130,Ganeasa,if,5136
103194,Gaujani,gr,2353
103238,Ghimpati,gr,5712
103283,Garbovi,il,3868
103309,Gogosari,gr,1789
103354,Gostinu,gr,1913
103372,Gostinari,gr,2329
103407,Gradinari,gr,3275
103443,Gradistea,if,3133
103470,Greaca,gr,2308
103513,Gruiu,if,6872
103568,Gurbanesti,cl,1190
103639,Hotarele,gr,3535
103693,Iepuresti,gr,1930
103764,Ileana,cl,3233
103862,Ion Roata,il,3750
103899,Izvoarele,gr,3502
103960,Jilavele,il,3460
103997,Joita,gr,3504
104047,Letca Noua,gr,3407
104083,Luica,cl,2133
104118,Mihai Bravu,gr,2451
104136,Oras Mihailesti,gr,7605
104181,Manastirea,cl,5550
104225,Marsa,gr,2762
104243,Moara Vlasiei,if,6184
104270,Movilita,il,2556
104323,Nana,cl,2405
104341,Nicolae Balcescu,cl,1627
104387,Niculesti,db,4324
104421,Nuci,if,2820
104485,Ogrezeni,gr,4715
104519,Oinacu,gr,3298
104546,Peris,if,7247
104582,Petrachioaia,if,3308
104635,Plataresti,cl,3530
104680,Prundu,gr,4269
104715,Putineiu,gr,2350
104751,Radovanu,cl,4075
104788,Rasuceni,gr,2323
104831,Roata De Jos,gr,8057
104886,Sarulesti,cl,2961
104975,Schitu,gr,1708
105026,Sinesti,il,2719
105106,Singureni,gr,3032
105142,Slobozia Moara,db,2023
105160,Snagov,if,7462
105222,Sohatu,cl,2699
105259,Spantov,cl,4758
105295,Stanesti,gr,2638
105348,Stoenesti,gr,1993
105384,Soldanu,cl,3419
105419,Stefanestii De Jos,if,6772
105455,Tamadau Mare,cl,2502
105534,Tartasesti,db,5118
105570,Tunari,if,5500
105605,Ulmeni,cl,5065
105623,Ulmi,gr,7442
105712,Valea Argovei,cl,2472
105776,Valea Dragului,gr,2869
105794,Valea Macrisului,il,1791
105829,Vasilati,cl,4404
105874,Varasti,gr,5921
105909,Vedea,gr,2727
105936,Vidra,if,8401
105972,Vanatorii Mici,gr,4677
106318,Municipiul Baia Mare,mm,147897
106363,Grosi,mm,2800
106407,Recea,mm,6154
106461,Oras Tautii-Magheraus,mm,8051
106559,Municipiul Sighetu Marmatiei,mm,44145
106620,Sarasau,mm,2754
106648,Vadu Izei,mm,2879
106684,Oras Baia Sprie,mm,17091
106746,Oras Borsa,mm,29881
106782,Oras Cavnic,mm,5255
106817,Oras Targu Lapus,mm,13219
106979,Oras Viseu De Sus,mm,18171
107001,Ardusat,mm,2764
107047,Arinis,mm,1035
107083,Asuaju De Sus,mm,1324
107118,Baita De Sub Codru,mm,1875
107154,Baiut,mm,2427
107190,Basesti,mm,1409
107234,Bicaz,mm,1052
107270,Bistra,mm,4357
107314,Barsana,mm,4722
107350,Bocicoiu Mare,mm,4508
107403,Bogdan Voda,mm,3052
107430,Boiu Mare,mm,1126
107485,Botiza,mm,2590
107519,Budesti,mm,3085
107546,Calinesti,mm,3160
107582,Cernesti,mm,3671
107662,Cicarlau,mm,4186
107715,Campulung La Tisa,mm,2510
107733,Copalnic-Manastur,mm,5663
107868,Coroieni,mm,2398
107920,Cupseni,mm,3489
107975,Desesti,mm,2371
108017,Oras Dragomiresti,mm,3262
108035,Dumbravita,mm,4331
108106,Farcasa,mm,3920
108151,Giulesti,mm,3212
108204,Ieud,mm,4396
108222,Lapus,mm,3704
108240,Leordina,mm,2435
108268,Miresu Mare,mm,4813
108348,Moisei,mm,9295
108366,Oarta De Jos,mm,1183
108400,Ocna Sugatag,mm,4186
108455,Petrova,mm,2495
108473,Poienile De Sub Munte,mm,10261
108491,Remetea Chioarului,mm,2878
108552,Remeti,mm,3217
108598,Repedea,mm,4962
108614,Rona De Jos,mm,2044
108632,Rona De Sus,mm,4610
108669,Rozavlea,mm,3199
108696,Ruscova,mm,5622
108712,Satulung,mm,5929
108794,Sacalaseni,mm,2292
108874,Sacel,mm,3487
108892,Oras Salistea De Sus,mm,5141
108918,Salsig,mm,1648
108945,Sapanta,mm,3178
108963,Oras Seini,mm,9605
109005,Stramtura,mm,3693
109041,Suciu De Sus,mm,4015
109096,Sisesti,mm,5457
109176,Oras Somcuta Mare,mm,7999
109265,Oras Ulmeni,mm,7558
109354,Valea Chioarului,mm,2078
109425,Vima Mica,mm,1467
109504,Viseu De Jos,mm,5173
109773,Municipiul Drobeta-Turnu Severin,mh,109730
109826,Simian,mh,10278
109924,Oras Baia De Arama,mh,5596
110027,Obarsia-Closani,mh,1036
110063,Municipiul Orsova,mh,12939
110116,Oras Strehaia,mh,11405
110232,Oras Vanju Mare,mh,5884
110296,Bala,mh,3818
110456,Balta,mh,1038
110535,Balacita,mh,2760
110571,Bacles,mh,1889
110688,Balvanesti,mh,913
110740,Breznita-Motru,mh,1436
110820,Breznita-Ocol,mh,4004
110875,Brosteni,mh,2783
110946,Burila Mare,mh,2102
111006,Butoiesti,mh,3247
111097,Cazanesti,mh,2136
111220,Ciresu,mh,491
111275,Corcova,mh,6085
111417,Corlatel,mh,1283
111444,Cujmir,mh,3350
111480,Devesel,mh,2979
111550,Darvari,mh,2607
111587,Dumbrava,mh,1393
111685,Floresti,mh,2586
111783,Garla Mare,mh,3632
111818,Godeanu,mh,582
111863,Gogosu,mh,4232
111916,Greci,mh,1233
111989,Grozesti,mh,2043
112030,Gruia,mh,3043
112076,Hinova,mh,2887
112129,Husnicioara,mh,1280
112245,Eselnita,mh,2903
112263,Ilovat,mh,1216
112334,Ilovita,mh,1320
112370,Isverna,mh,2140
112469,Izvoru Barzii,mh,2775
112548,Jiana,mh,4648
112600,Livezile,mh,1463
112664,Malovat,mh,2629
112744,Obarsia De Camp,mh,1777
112771,Oprisor,mh,2238
112806,Padina,mh,1241
112879,Patulele,mh,3717
112904,Dubova,mh,934
112959,Podeni,mh,845
112995,Ponoarele,mh,2452
113153,Poroina Mare,mh,977
113206,Pristol,mh,1449
113233,Prunisor,mh,1920
113395,Punghina,mh,3286
113466,Rogova,mh,1384
113493,Salcia,mh,2801
113518,Stangaceaua,mh,1297
113607,Svinita,mh,961
113625,Sisesti,mh,2622
113698,Sovarna,mh,1122
113732,Tamna,mh,3301
113849,Vanatori,mh,1922
113894,Vanjulet,mh,1844
113929,Vladaia,mh,1630
113974,Voloiac,mh,1696
114060,Branistea,mh,1869
114079,Vrata,mh,1926
114319,Municipiul Targu Mures,ms,150286
114355,Cristesti,ms,6332
114382,Sancraiu De Mures,ms,8433
114417,Sangeorgiu De Mures,ms,10139
114453,Santana De Mures,ms,5732
114514,Municipiul Sighisoara,ms,34250
114603,Albesti,ms,6130
114710,Oras Ludus,ms,17606
114809,Municipiul Reghin,ms,38237
114854,Oras Sovata,ms,10557
114925,Municipiul Tarnaveni,ms,26500
114970,Acatari,ms,4813
115076,Adamus,ms,5611
115147,Alunis,ms,3174
115183,Apold,ms,3197
115236,Atintis,ms,1577
115307,Bahnea,ms,3739
115389,Band,ms,6571
115520,Batos,ms,4257
115575,Bagaciu,ms,2599
115600,Bala,ms,704
115637,Balauseri,ms,5146
115708,Beica De Jos,ms,2222
115771,Bichis,ms,862
115824,Bogata,ms,1933
115851,Breaza,ms,2527
115897,Brancovenesti,ms,4010
115959,Ceuasu De Campie,ms,6097
116046,Chetani,ms,2623
116126,Chiheru De Jos,ms,1568
116171,Coroisanmartin,ms,1519
116224,Cozma,ms,537
116288,Craciunesti,ms,4355
116340,Craiesti,ms,907
116395,Cucerdea,ms,1414
116439,Cuci,ms,1983
116493,Danes,ms,5706
116545,Deda,ms,4348
116590,Eremitu,ms,4097
116652,Ernei,ms,5970
116723,Faragau,ms,1738
116796,Fantanele,ms,4971
116867,Galesti,ms,2615
116938,Ganesti,ms,3641
116983,Gheorghe Doja,ms,2910
117042,Ghindari,ms,3391
117113,Glodeni,ms,3743
117177,Gornesti,ms,5735
117275,Grebenisu De Campie,ms,1749
117319,Gurghiu,ms,6220
117426,Hodac,ms,5161
117505,Hodosa,ms,1227
117550,Ibanesti,ms,4287
117667,Iclanzel,ms,2144
117783,Ideciu De Jos,ms,2129
117827,Oras Iernut,ms,9775
117925,Livezeni,ms,3270
117998,Lunca,ms,2493
118058,Lunca Bradului,ms,2076
118094,Magherani,ms,1357
118209,Mica,ms,4774
118281,Oras Miercurea Nirajului,ms,6106
118370,Mihesu De Campie,ms,2501
118469,Nades,ms,2997
118511,Neaua,ms,1416
118575,Ogra,ms,2630
118637,Papiu Ilarian,ms,894
118691,Panet,ms,6114
118753,Pasareni,ms,1787
118799,Petelea,ms,3041
118824,Pogaceaua,ms,2024
118931,Rastolita,ms,1846
118995,Raciu,ms,3652
119153,Rusii-Munti,ms,2191
119206,Saschiz,ms,2280
119242,Oras Sarmasu,ms,7184
119331,Oras Sangeorgiu De Padure,ms,5473
119386,Sanger,ms,2443
119466,Sanpaul,ms,4413
119527,Sanpetru De Campie,ms,2837
119590,Solovastru,ms,2877
119625,Stanceni,ms,1472
119661,Suplac,ms,2316
119723,Suseni,ms,2349
119750,Saulia,ms,2062
119803,Sincai,ms,1619
119858,Taureni,ms,986
119894,Oras Ungheni,ms,7534
119974,Valea Larga,ms,3062
120076,Vargata,ms,1953
120138,Vatava,ms,1985
120174,Vetca,ms,790
120218,Viisoara,ms,1886
120254,Vanatori,ms,4336
120316,Voivodeni,ms,1802
120343,Zagar,ms,1304
120370,Zau De Campie,ms,3334
120478,Chibed,ms,1771
120487,Corunca,ms,3038
120496,Sarateni,ms,1484
120502,Madaras,ms,1641
120511,Bereni,ms,1248
120726,Municipiul Piatra-Neamt,nt,115369
120771,Dumbrava Rosie,nt,8327
120824,Savinesti,nt,6778
120860,Municipiul Roman,nt,70747
120888,Cordun,nt,7933
120922,Horia,nt,7358
120968,Oras Bicaz,nt,8630
121055,Oras Targu Neamt,nt,22058
121108,Agapia,nt,4311
121153,Bahna,nt,3529
121242,Baltatesti,nt,4254
121297,Bicaz-Chei,nt,4664
121340,Bicazu Ardelean,nt,3881
121386,Bira,nt,2011
121466,Bargauani,nt,3840
121607,Bodesti,nt,4787
121652,Borca,nt,6664
121732,Borlesti,nt,9556
121796,Botesti,nt,5181
121876,Bozieni,nt,2982
121938,Brusturi,nt,4028
122025,Ceahlau,nt,2460
122061,Candesti,nt,4266
122132,Costisa,nt,3534
122187,Cracaoani,nt,4423
122249,Damuc,nt,3069
122285,Dobreni,nt,1807
122347,Doljesti,nt,7650
122392,Dragomiresti,nt,2246
122463,Dulcesti,nt,2634
122551,Farcasa,nt,3220
122613,Faurei,nt,2198
122668,Gheraesti,nt,6749
122702,Girov,nt,5183
122828,Garcina,nt,4942
122864,Grinties,nt,2502
122908,Grumazesti,nt,5488
122953,Hangu,nt,3947
123013,Icusesti,nt,4847
123102,Ion Creanga,nt,5793
123175,Margineni,nt,3881
123228,Moldoveni,nt,2173
123255,Oniceni,nt,3730
123371,Pastraveni,nt,4076
123424,Petricani,nt,6120
123479,Piatra Soimului,nt,8631
123521,Pipirig,nt,9054
123601,Pangarati,nt,5504
123674,Podoleni,nt,5787
123709,Poienari,nt,1639
123790,Poiana Teiului,nt,4962
123914,Raucesti,nt,8602
123969,Razboieni,nt,2303
124028,Rediu,nt,5437
124073,Romani,nt,4306
124117,Oras Roznov,nt,10327
124153,Sagna,nt,5336
124206,Sabaoani,nt,11902
124233,Secuieni,nt,3242
124331,Stanita,nt,2191
124411,Stefan Cel Mare,nt,3127
124493,Tarcau,nt,3493
124563,Tasca,nt,2622
124616,Tazlau,nt,2812
124634,Tamaseni,nt,9928
124661,Timisesti,nt,4104
124723,Trifesti,nt,5063
124750,Tupilati,nt,2195
124803,Tibucani,nt,4124
124849,Urecheni,nt,4150
124885,Valea Ursului,nt,4282
124938,Alexandru Cel Bun,nt,6040
125016,Vanatori-Neamt,nt,8724
125061,Zanesti,nt,6143
125098,Dochia,nt,2557
125105,Ruginoasa,nt,1916
125114,Ghindaoani,nt,2060
125123,Valeni,nt,1537
125132,Draganesti,nt,1557
125141,Pancesti,nt,1540
125150,Gadinti,nt,2487
125169,Negresti,nt,1859
125178,Boghicea,nt,2638
125347,Municipiul Slatina,ot,84593
125374,Slatioara,ot,2433
125418,Oras Bals,ot,21186
125472,Municipiul Caracal,ot,35232
125490,Draghiceni,ot,1783
125542,Oras Corabia,ot,18264
125588,Garcov,ot,2371
125622,Oras Draganesti-Olt,ot,12026
125659,Babiciu,ot,2091
125677,Baldovinesti,ot,1069
125757,Barasti,ot,1379
125846,Barza,ot,2630
125873,Bobicesti,ot,3048
125962,Brastavatu,ot,4484
125999,Brebeni,ot,2673
126022,Brancoveni,ot,2634
126077,Bucinisu,ot,1974
126102,Cezieni,ot,1704
126148,Cilieni,ot,3233
126166,Carlogani,ot,2348
126228,Colonesti,ot,1668
126326,Corbu,ot,2285
126380,Coteana,ot,2246
126406,Crampoia,ot,3600
126433,Curtisoara,ot,4309
126503,Cungrea,ot,1965
126585,Daneasa,ot,3666
126647,Deveselu,ot,3212
126674,Dobretu,ot,1252
126718,Dobrosloveni,ot,3757
126772,Dobroteasa,ot,1608
126825,Dobrun,ot,1495
126905,Fagetelu,ot,863
126978,Falcoiu,ot,3823
127019,Farcasele,ot,4826
127064,Ganeasa,ot,3590
127126,Giuvarasti,ot,2295
127144,Gostavatu,ot,2865
127171,Gradinari,ot,2463
127224,Grojdibodu,ot,2804
127251,Ianca,ot,3693
127288,Iancu Jianu,ot,4342
127322,Icoana,ot,1821
127368,Izbiceni,ot,4641
127386,Izvoarele,ot,3579
127411,Leleasca,ot,1406
127493,Maruntei,ot,4007
127536,Mihaesti,ot,1523
127563,Milcov,ot,1471
127625,Morunglav,ot,2451
127689,Movileni,ot,3430
127714,Nicolae Titulescu,ot,1261
127750,Obarsia,ot,2632
127812,Oboga,ot,1690
127858,Oporelu,ot,1087
127901,Optasi-Magura,ot,1210
127938,Orlea,ot,2247
127983,Osica De Sus,ot,4813
128052,Perieti,ot,2050
128105,Oras Piatra-Olt,ot,6581
128178,Parscoveni,ot,3009
128221,Plesoiu,ot,2852
128301,Poboru,ot,1977
128374,Oras Potcoava,ot,5849
128436,Priseaca,ot,1615
128472,Radomiresti,ot,3240
128524,Redea,ot,2801
128560,Rotunda,ot,2745
128588,Rusanesti,ot,4283
128613,Scarisoara,ot,3142
128659,Schitu,ot,2638
128711,Oras Scornicesti,ot,12070
128864,Seaca,ot,1883
128882,Samburesti,ot,1041
128962,Spineni,ot,1655
129040,Sprancenata,ot,2475
129095,Stoenesti,ot,2318
129111,Stoicanesti,ot,2716
129139,Strejesti,ot,3025
129184,Studina,ot,2697
129246,Serbanesti,ot,2858
129282,Stefan Cel Mare,ot,1770
129317,Tatulesti,ot,869
129380,Teslui,ot,2464
129460,Tia Mare,ot,4284
129503,Topana,ot,706
129567,Traian,ot,3078
129585,Tufeni,ot,2800
129629,Urzica,ot,2175
129656,Valea Mare,ot,3702
129718,Vadastra,ot,1392
129745,Vadastrita,ot,3265
129763,Valeni,ot,2714
129816,Verguleasa,ot,2787
129898,Visina,ot,2866
129914,Vitomiresti,ot,2035
129987,Valcele,ot,2378
130026,Vladila,ot,2080
130062,Voineasa,ot,2135
130124,Vulpeni,ot,2207
130231,Vulturesti,ot,2340
130286,Balteni,ot,1618
130295,Calui,ot,1542
130302,Gavanesti,ot,1914
130311,Ghimpeteni,ot,1478
130320,Gradinile,ot,1467
130339,Gura Padinii,ot,1723
130348,Ipotesti,ot,1562
130357,Osica De Jos,ot,1556
130366,Sarbii - Magura,ot,1896
130375,Visina Noua,ot,1733
130384,Soparlita,ot,1226
130534,Municipiul Ploiesti,ph,233762
130552,Barcanesti,ph,9697
130614,Berceni,ph,6378
130678,Blejoi,ph,8812
130712,Brazi,ph,8293
130785,Bucov,ph,11225
130847,Paulesti,ph,6079
130892,Targsoru Vechi,ph,10222
130954,Oras Azuga,ph,4851
130981,Oras Baicoi,ph,19074
131069,Oras Boldesti-Scaeni,ph,11594
131103,Oras Breaza,ph,16766
131210,Oras Busteni,ph,9907
131256,Municipiul Campina,ph,37574
131274,Poiana Campina,ph,5099
131336,Oras Comarnic,ph,12480
131407,Oras Mizil,ph,16496
131443,Oras Plopeni,ph,9081
131461,Dumbravesti,ph,3703
131540,Oras Sinaia,ph,11540
131577,Oras Slanic,ph,5941
131620,Oras Urlati,ph,11634
131817,Oras Valenii De Munte,ph,13628
131835,Gura Vitioarei,ph,6081
131899,Adunati,ph,2082
131933,Albesti-Paleologu,ph,5581
131988,Alunis,ph,3398
132011,Apostolache,ph,2106
132075,Aricestii Rahtivani,ph,8128
132137,Aricestii Zeletin,ph,1226
132164,Baba Ana,ph,4147
132226,Balta Doamnei,ph,2393
132271,Baltesti,ph,3789
132315,Banesti,ph,5642
132342,Bertea,ph,3183
132379,Boldesti-Gradistea,ph,1774
132404,Brebu,ph,7156
132459,Calugareni,ph,1207
132486,Carbunesti,ph,1741
132510,Ceptura,ph,4646
132574,Cerasu,ph,4645
132645,Chiojdeanca,ph,1591
132681,Ciorani,ph,6751
132716,Cocorastii Mislii,ph,3379
132752,Colceag,ph,4785
132805,Cornu,ph,4288
132841,Cosminele,ph,1025
132896,Drajna,ph,5416
133018,Draganesti,ph,4877
133090,Dumbrava,ph,4474
133161,Filipestii De Padure,ph,10541
133214,Filipestii De Targ,ph,8329
133278,Fantanele,ph,2041
133330,Floresti,ph,7894
133394,Fulga,ph,3266
133429,Gherghita,ph,1999
133508,Gorgota,ph,5147
133562,Gornet,ph,2903
133615,Gornet-Cricov,ph,2267
133688,Gura Vadului,ph,2257
133722,Iordacheanu,ph,5363
133795,Izvoarele,ph,6686
133866,Jugureni,ph,540
133919,Lapos,ph,1207
133964,Lipanesti,ph,5262
134014,Magurele,ph,4722
134050,Magureni,ph,6448
134096,Maneciu,ph,10677
134194,Manesti,ph,3973
134336,Pacureti,ph,2107
134390,Plopu,ph,2382
134443,Podenii Noi,ph,4863
134559,Poienarii Burchii,ph,4837
134648,Posesti,ph,3985
134755,Predeal-Sarari,ph,2319
134853,Provita De Jos,ph,2277
134899,Provita De Sus,ph,2021
134942,Puchenii Mari,ph,8425
135020,Rafov,ph,5396
135128,Salcia,ph,1043
135146,Salciile,ph,1844
135164,Scorteni,ph,5753
135226,Secaria,ph,1224
135244,Sangeru,ph,5543
135315,Starchiojd,ph,3815
135404,Surani,ph,1871
135431,Sirna,ph,4864
135501,Soimari,ph,3123
135547,Sotrile,ph,3353
135618,Stefesti,ph,2381
135654,Talea,ph,1045
135681,Tataru,ph,891
135725,Teisani,ph,3698
135789,Telega,ph,5560
135850,Tinosu,ph,2417
135896,Tomsani,ph,4409
135949,Valea Calugareasca,ph,10921
136107,Valea Doftanei,ph,6696
136134,Varbilau,ph,6881
136198,Valcanesti,ph,3845
136241,Cocorastii Colt,ph,2986
136250,Olari,ph,1911
136269,Vadu Sapat,ph,1726
136278,Batrani,ph,2113
136483,Municipiul Satu Mare,sm,122560
136526,Municipiul Carei,sm,24601
136553,Capleni,sm,3223
136599,Oras Negresti-Oas,sm,16886
136642,Oras Tasnad,sm,9524
136713,Acas,sm,3019
136768,Andrid,sm,2679
136802,Apa,sm,2758
136848,Oras Ardud,sm,7461
136919,Batarci,sm,3854
136964,Beltiug,sm,3440
137032,Berveni,sm,3684
137069,Bixad,sm,7549
137103,Barsau,sm,2330
137130,Bogdand,sm,2853
137185,Botiz,sm,3839
137229,Calinesti-Oas,sm,5138
137274,Camarzana,sm,2433
137292,Cauas,sm,2540
137363,Cehal,sm,1645
137407,Certeze,sm,5856
137443,Craidorolt,sm,2252
137504,Crucisor,sm,2669
137540,Culciu,sm,4163
137611,Doba,sm,2989
137675,Dorolt,sm,4093
137728,Foieni,sm,1940
137746,Gherta Mica,sm,3701
137764,Halmeu,sm,5346
137844,Hodod,sm,3025
137899,Homoroade,sm,1826
137960,Lazuri,sm,6256
138039,Oras Livada,sm,7341
138084,Mediesu Aurit,sm,6843
138164,Micula,sm,4166
138208,Moftin,sm,4515
138280,Odoreu,sm,5912
138351,Orasu Nou,sm,3875
138431,Paulesti,sm,5815
138501,Petresti,sm,1926
138538,Pir,sm,1594
138574,Piscolt,sm,3205
138618,Pomi,sm,1925
138663,Sanislau,sm,3750
138734,Santau,sm,2613
138770,Sacaseni,sm,1258
138805,Sauca,sm,1536
138869,Socond,sm,2948
138921,Supur,sm,4200
139009,Tarna Mare,sm,4004
139054,Terebesti,sm,1899
139107,Tiream,sm,2425
139143,Tarsolt,sm,3084
139170,Turt,sm,8305
139214,Turulung,sm,4336
139250,Urziceni,sm,1481
139287,Valea Vinului,sm,2001
139330,Vama,sm,4095
139358,Vetis,sm,5421
139394,Viile Satu Mare,sm,3800
139704,Municipiul Zalau,sj,69857
139740,Oras Cehu Silvaniei,sj,7758
139811,Oras Jibou,sj,11963
139884,Oras Simleu Silvaniei,sj,17420
139937,Agrij,sj,1416
139982,Almasu,sj,2147
140084,Babeni,sj,1612
140146,Balan,sj,3853
140208,Banisor,sj,2023
140244,Benesat,sj,1498
140280,Bobota,sj,3998
140324,Bocsa,sj,3476
140379,Buciumi,sj,2609
140440,Camar,sj,1702
140477,Carastelec,sj,1061
140501,Chiesd,sj,2602
140547,Cizer,sj,2236
140583,Coseiu,sj,1178
140627,Crasna,sj,6722
140672,Creaca,sj,2783
140770,Cristolt,sj,1254
140823,Criseni,sj,3053
140869,Cuzaplac,sj,1713
140958,Dobrin,sj,1677
141027,Dragu,sj,1354
141081,Fildu De Jos,sj,1372
141134,Galgau,sj,2426
141232,Garbou,sj,2163
141312,Halmasd,sj,2427
141376,Hereclean,sj,3809
141447,Hida,sj,2736
141535,Horoatu Crasnei,sj,2601
141580,Ileanda,sj,2432
141722,Ip,sj,3783
141786,Letca,sj,1811
141884,Lozna,sj,967
141946,Marca,sj,2718
142006,Maeriste,sj,2980
142079,Mesesenii De Jos,sj,3120
142122,Mirsid,sj,2407
142177,Napradea,sj,2765
142239,Nusfalau,sj,3925
142284,Pericei,sj,3872
142337,Plopis,sj,2591
142373,Poiana Blenchii,sj,1229
142426,Romanasi,sj,3133
142499,Rus,sj,1084
142550,Salatig,sj,2741
142612,Sag,sj,3331
142676,Sanmihaiu Almasului,sj,1684
142710,Somes-Odorhei,sj,2777
142774,Surduc,sj,3732
142854,Samsud,sj,1834
142881,Sarmasag,sj,6666
142952,Valcau De Jos,sj,3238
143021,Varsolt,sj,2301
143067,Zalha,sj,909
143147,Zimbor,sj,1004
143450,Municipiul Sibiu,sb,169880
143487,Cristian,sb,4193
143502,Poplaca,sb,1815
143520,Rasinari,sb,5753
143557,Selimbar,sb,9253
143619,Municipiul Medias,sb,58607
143646,Tarnava,sb,3366
143682,Oras Agnita,sb,12078
143735,Oras Cisnadie,sb,19335
143771,Oras Copsa Mica,sb,6067
143806,Oras Dumbraveni,sb,8685
143851,Oras Ocna Sibiului,sb,4332
143888,Altina,sb,1850
143922,Apoldu De Jos,sb,1322
143959,Arpasu De Jos,sb,2842
143995,Atel,sb,1703
144054,Oras Avrig,sb,15674
144116,Axente Sever,sb,4313
144152,Bazna,sb,4240
144198,Biertan,sb,3096
144232,Barghis,sb,2238
144303,Blajel,sb,2427
144349,Brateiu,sb,4031
144376,Bradeni,sb,1638
144410,Bruiu,sb,927
144456,Chirpar,sb,1909
144508,Carta,sb,1160
144535,Cartisoara,sb,1328
144553,Darlos,sb,3566
144599,Gura Raului,sb,3734
144615,Hoghilag,sb,2429
144651,Iacobeni,sb,3351
144713,Jina,sb,3992
144731,Laslea,sb,4183
144795,Loamnes,sb,2920
144866,Ludos,sb,746
144893,Marpod,sb,929
144928,Oras Miercurea Sibiului,sb,4814
144964,Merghindeal,sb,1581
144991,Micasasa,sb,2243
145042,Mihaileni,sb,1111
145104,Mosna,sb,3708
145140,Nocrich,sb,3336
145202,Orlat,sb,3334
145220,Pauca,sb,2094
145275,Poiana Sibiului,sb,2249
145293,Porumbacu De Jos,sb,3250
145355,Racovita,sb,2958
145382,Rau Sadului,sb,611
145408,Rosia,sb,5771
145471,Sadu,sb,2548
145499,Oras Saliste,sb,5939
145603,Slimnic,sb,3924
145667,Seica Mare,sb,4760
145738,Seica Mica,sb,1853
145765,Sura Mare,sb,4565
145792,Sura Mica,sb,3048
145827,Oras Talmaciu,sb,8170
145907,Tilisca,sb,1509
145934,Turnu Rosu,sb,2423
145961,Valea Viilor,sb,2254
145998,Vurpar,sb,2885
146012,Alma,sb,1982
146021,Boita,sb,1681
146263,Municipiul Suceava,sv,116666
146281,Ipotesti,sv,7242
146325,Mitocu Dragomirnei,sv,5145
146370,Oras Salcea,sv,10489
146432,Scheia,sv,10958
146502,Municipiul Campulung Moldovenesc,sv,20158
146539,Municipiul Falticeni,sv,31612
146584,Oras Gura Humorului,sv,17074
146628,Municipiul Radauti,sv,33227
146655,Oras Siret,sv,9732
146708,Oras Solca,sv,2630
146744,Municipiul Vatra Dornei,sv,17186
146799,Adancata,sv,4355
146860,Arbore,sv,7555
146904,Baia,sv,7485
146931,Oras Milisauti,sv,5466
146995,Balcauti,sv,3169
147036,Bilca,sv,3889
147054,Bogdanesti,sv,4159
147072,Boroaia,sv,4794
147134,Bosanci,sv,7795
147161,Botosana,sv,2622
147205,Breaza,sv,1607
147241,Brodina,sv,3984
147358,Oras Brosteni,sv,6509
147465,Bunesti,sv,2769
147526,Cacica,sv,4394
147580,Calafindesti,sv,2982
147633,Oras Cajvana,sv,9471
147660,Ilisesti,sv,2907
147713,Carlibaba,sv,1935
147786,Cornu Luncii,sv,7389
147884,Crucea,sv,2101
147937,Darmanesti,sv,5897
148006,Oras Dolhasca,sv,11465
148097,Dolhesti,sv,3837
148131,Dorna-Arini,sv,2913
148202,Dorna Candrenilor,sv,3071
148293,Dornesti,sv,4840
148328,Dragoiesti,sv,2597
148382,Draguseni,sv,2628
148426,Dumbraveni,sv,9658
148453,Fantanele,sv,4769
148514,Forasti,sv,4702
148612,Oras Frasin,sv,6635
148667,Fratautii Noi,sv,5885
148694,Fratautii Vechi,sv,5322
148729,Frumosu,sv,3496
148765,Fundu Moldovei,sv,4050
148872,Galanesti,sv,2851
148916,Gramesti,sv,2992
148970,Granicesti,sv,5643
149049,Horodniceni,sv,3686
149101,Horodnic De Jos,sv,2458
149138,Iacobeni,sv,2153
149183,Izvoarele Sucevei,sv,2235
149227,Oras Liteni,sv,10359
149290,Marginea,sv,11061
149316,Malini,sv,7842
149370,Manastirea Humorului,sv,3732
149414,Moara,sv,5546
149502,Moldova-Sulita,sv,2075
149539,Moldovita,sv,5261
149584,Musenita,sv,1892
149655,Ostra,sv,3176
149682,Panaci,sv,2294
149753,Paltinoasa,sv,6019
149780,Partestii De Jos,sv,2797
149833,Patrauti,sv,5381
149851,Poiana Stampei,sv,2307
149931,Pojorata,sv,3007
149968,Preutesti,sv,7113
150043,Putna,sv,3891
150070,Radaseni,sv,4229
150114,Rasca,sv,5168
150178,Sadova,sv,2508
150196,Satu Mare,sv,4614
150221,Siminicea,sv,2975
150258,Slatina,sv,5601
150294,Straja,sv,5914
150310,Stroiesti,sv,3356
150356,Stulpicani,sv,6096
150418,Sucevita,sv,3173
150445,Saru Dornei,sv,4240
150524,Todiresti,sv,5370
150588,Udesti,sv,7970
150702,Ulma,sv,2282
150766,Vadu Moldovei,sv,4564
150891,Valea Moldovei,sv,4458
150935,Vama,sv,6189
150980,Vatra Moldovitei,sv,4461
151022,Veresti,sv,7428
151077,Vicovu De Jos,sv,6522
151095,Oras Vicovu De Sus,sv,16176
151120,Volovat,sv,5711
151157,Vulturesti,sv,3597
151246,Zamostea,sv,3111
151344,Zvoristea,sv,6130
151433,Comanesti,sv,2377
151442,Iaslovat,sv,4420
151451,Ciocanesti,sv,1448
151460,Serbauti,sv,3272
151479,Horodnic De Sus,sv,5247
151488,Fantana Mare,sv,2609
151497,Cosna,sv,1502
151503,Capu Campului,sv,2489
151512,Hantesti,sv,3967
151521,Burla,sv,2359
151530,Balaceana,sv,1542
151549,Hartop,sv,2609
151558,Voitinel,sv,4927
151567,Ciprian Porumbescu,sv,2168
151576,Berchisesti,sv,2951
151585,Poieni-Solca,sv,2132
151683,Municipiul Turnu Magurele,tr,30014
151709,Ciuperceni,tr,1550
151736,Islaz,tr,5296
151763,Lita,tr,2613
151790,Municipiul Alexandria,tr,52135
151816,Nanov,tr,3576
151834,Poroschia,tr,4538
151870,Municipiul Rosiori De Vede,tr,32637
151905,Oras Videle,tr,11765
151932,Crevenicu,tr,1469
151978,Oras Zimnicea,tr,15445
151996,Balaci,tr,1699
152038,Babaita,tr,2962
152083,Blejesti,tr,3842
152127,Bogdana,tr,2215
152172,Botoroaga,tr,5101
152234,Bragadiru,tr,3849
152252,Branceni,tr,2775
152270,Bujoreni,tr,1014
152314,Bujoru,tr,1954
152332,Buzescu,tr,4398
152350,Calinesti,tr,3151
152412,Calmatuiu,tr,1892
152467,Calmatuiu De Sus,tr,2183
152500,Cervenia,tr,2939
152528,Ciolanesti,tr,2732
152564,Contesti,tr,3217
152582,Cosmesti,tr,2590
152617,Crangeni,tr,2808
152662,Crangu,tr,1458
152724,Didesti,tr,1213
152760,Dobrotesti,tr,4444
152797,Dracsenei,tr,1774
152868,Draganesti De Vede,tr,2131
152902,Draganesti-Vlasca,tr,4174
152948,Furculesti,tr,3396
152993,Frumoasa,tr,1996
153026,Galateni,tr,2704
153062,Gratia,tr,2673
153106,Izvoarele,tr,2441
153124,Lisa,tr,2273
153151,Lunca,tr,3474
153204,Mavrodin,tr,2441
153240,Magura,tr,2686
153277,Maldaeni,tr,4219
153295,Mereni,tr,2859
153339,Marzanesti,tr,3708
153384,Mosteni,tr,1486
153400,Nasturelu,tr,2654
153437,Necsesti,tr,1113
153473,Olteni,tr,3171
153507,Orbeasca,tr,7504
153543,Peretu,tr,7126
153561,Piatra,tr,3127
153589,Pietrosani,tr,2777
153605,Plosca,tr,5746
153623,Plopii-Slavitesti,tr,2488
153696,Poeni,tr,2947
153776,Vitanesti,tr,2804
153829,Putineiu,tr,2091
153865,Radoiesti,tr,2042
153909,Rasmiresti,tr,843
153936,Salcia,tr,2669
153972,Saceni,tr,1234
154013,Scrioastea,tr,3879
154068,Scurtu Mare,tr,1655
154139,Seaca,tr,2383
154166,Sfintesti,tr,1164
154184,Segarcea-Vale,tr,3044
154228,Silistea,tr,2335
154282,Silistea-Gumesti,tr,2487
154308,Sarbeni,tr,1422
154344,Slobozia Mandra,tr,1673
154380,Smardioasa,tr,2427
154415,Stejaru,tr,1792
154460,Suhaia,tr,2224
154497,Storobaneasa,tr,3147
154521,Talpa,tr,1870
154585,Tatarastii De Jos,tr,3461
154665,Tatarastii De Sus,tr,3042
154709,Toporu,gr,1924
154736,Traian,tr,1824
154754,Trivalea-Mosteni,tr,2662
154790,Troianul,tr,2886
154834,Tiganesti,tr,5011
154852,Vedea,tr,2904
154914,Viisoara,tr,1692
154932,Vartoape,tr,2752
154978,Zambreasca,tr,1410
154996,Nenciulesti,tr,2370
155083,Beciu,tr,1630
155092,Beuca,tr,1324
155109,Dracea,tr,1623
155118,Fantanele,tr,1578
155127,Frasinet,tr,2444
155136,Purani,tr,1473
155145,Saelele,tr,2264
155154,Uda-Clocociov,tr,1573
155243,Municipiul Timisoara,tm,333210
155261,Dumbravita,tm,8383
155289,Ghiroda,tm,6692
155314,Giroc,tm,11148
155350,Municipiul Lugoj,tm,47737
155403,Oras Buzias,tm,8372
155458,Oras Deta,tm,7642
155494,Oras Jimbolia,tm,13622
155528,Oras Sannicolau Mare,tm,14697
155546,Balint,tm,1601
155591,Banloc,tm,3064
155662,Bara,tm,323
155724,Beba Veche,tm,1593
155760,Becicherecu Mic,tm,3166
155797,Belint,tm,2599
155840,Bethausen,tm,2803
155911,Biled,tm,4049
155957,Barna,tm,1567
156035,Bogda,tm,466
156106,Boldur,tm,2322
156151,Brestovat,tm,696
156213,Carpinis,tm,5658
156259,Cenad,tm,4861
156277,Cenei,tm,3097
156311,Cheveresu Mare,tm,2245
156357,Oras Ciacova,tm,5373
156437,Comlosu Mare,tm,5464
156473,Costeiu,tm,3862
156534,Criciova,tm,1608
156589,Curtea,tm,1260
156623,Darova,tm,3346
156669,Denta,tm,3161
156712,Dudestii Vechi,tm,4420
156767,Dumbrava,tm,2779
156801,Oras Faget,tm,7583
156927,Fardea,tm,1743
157004,Foeni,tm,1802
157031,Gavojdia,tm,2954
157086,Oras Gataia,tm,6496
157193,Ghizela,tm,1179
157246,Giarmata,tm,7222
157273,Giera,tm,1459
157317,Giulvaz,tm,3217
157362,Jamu Mare,tm,3082
157424,Jebel,tm,3595
157451,Lenauheim,tm,6382
157497,Liebling,tm,4075
157530,Lovrin,tm,4230
157585,Margina,tm,2285
157683,Masloc,tm,2476
157736,Manastiur,tm,1731
157781,Moravita,tm,2709
157834,Mosnita Noua,tm,7518
157898,Nadrag,tm,2923
157923,Nitchidorf,tm,1679
157969,Ohaba Lunga,tm,1018
158010,Ortisoara,tm,4593
158065,Peciu Nou,tm,5515
158109,Periam,tm,5051
158136,Pietroasa,tm,1064
158181,Pischia,tm,3132
158243,Racovita,tm,2896
158314,Oras Recas,tm,9524
158396,Remetea Mare,tm,2573
158449,Sacosu Turcesc,tm,3153
158528,Satchinez,tm,5029
158564,Sacalaz,tm,8665
158608,Secas,tm,376
158653,Sanandrei,tm,6843
158699,Sanmihaiu Roman,tm,7134
158733,Sanpetru Mare,tm,3583
158779,Sag,tm,3382
158804,Stiuca,tm,2125
158859,Teremia Mare,tm,4835
158895,Tomesti,tm,2090
158966,Topolovatu Mare,tm,2537
159035,Tormac,tm,2832
159071,Traian Vuia,tm,2146
159142,Uivar,tm,3050
159213,Varias,tm,6376
159259,Victor Vlad Delamarina,tm,2841
159339,Voiteg,tm,2391
159366,Birda,tm,2065
159375,Checea,tm,2131
159384,Dudestii Noi,tm,3304
159393,Fibis,tm,1659
159400,Ghilad,tm,2049
159419,Gottlob,tm,2647
159428,Iecea Mare,tm,2693
159437,Parta,tm,2327
159446,Padureni,tm,1733
159455,Saravale,tm,2952
159464,Sandra,tm,3093
159473,Tomnatic,tm,3786
159482,Valcani,tm,1393
159491,Livezile,tm,1753
159507,Pesac,tm,2289
159516,Bucovat,tm,1719
159525,Otelec,tm,1854
159614,Municipiul Tulcea,tl,89747
159650,Oras Babadag,tl,10656
159687,Oras Isaccea,tl,5321
159730,Oras Macin,tl,11100
159767,Oras Sulina,tl,4106
159785,Baia,tl,4571
159847,Beidaud,tl,1656
159883,C.a. Rosetti,tl,866
159945,Carcaliu,tl,3017
159963,Casimcea,tl,3014
160047,Ceatalchioi,tl,690
160092,Ceamurlia De Jos,tl,2507
160127,Cerna,tl,3855
160172,Chilia Veche,tl,2129
160225,Ciucurova,tl,2243
160261,Crisan,tl,1234
160305,Daeni,tl,2064
160323,Dorobantu,tl,1516
160387,Frecatei,tl,3647
160430,Greci,tl,5293
160458,Grindu,tl,1410
160476,Hamcearca,tl,1347
160528,Horia,tl,1458
160564,Izvoarele,tl,2135
160617,Jijila,tl,5649
160644,Jurilovca,tl,4626
160680,Luncavita,tl,4321
160724,Mahmudia,tl,2749
160779,Maliuc,tl,952
160831,Mihai Bravu,tl,2696
160877,Mihail Kogalniceanu,tl,3287
160911,Murighiol,tl,3530
160993,Nalbant,tl,2845
161035,Niculitel,tl,4850
161053,Nufaru,tl,2680
161106,Ostrov,tl,2102
161133,Pardina,tl,583
161151,Peceneaga,tl,1793
161179,Sarichioi,tl,6853
161231,Sfantu Gheorghe,tl,836
161259,Slava Cercheza,tl,2381
161286,Smardan,tl,1153
161302,Somova,tl,4893
161348,Stejaru,tl,1582
161384,Topolog,tl,4693
161464,Turcoaia,tl,3473
161482,Valea Nucarilor,tl,3519
161525,I.c.bratianu,tl,1196
161543,Vacareni,tl,2220
161552,Bestepe,tl,1827
161561,Valea Teilor,tl,1521
161794,Municipiul Barlad,vs,72926
161829,Municipiul Husi,vs,30516
161856,Oras Negresti,vs,10469
161945,Municipiul Vaslui,vs,98159
162014,Albesti,vs,3086
162069,Alexandru Vlahuta,vs,1593
162149,Arsura,vs,1634
162194,Banca,vs,5842
162327,Bacani,vs,3094
162381,Bacesti,vs,4813
162452,Balteni,vs,1550
162498,Berezeni,vs,5147
162559,Blagesti,vs,1420
162595,Bogdana,vs,1621
162693,Bogdanesti,vs,3338
162791,Bogdanita,vs,1575
162871,Botesti,vs,2096
162924,Bunesti-Averesti,vs,2657
163002,Codaesti,vs,4548
163057,Coroiesti,vs,2142
163137,Costesti,vs,2942
163208,Cretesti,vs,1791
163253,Danesti,vs,2226
163324,Deleni,vs,2372
163379,Delesti,vs,2352
163486,Dragomiresti,vs,5161
163618,Dranceni,vs,4762
163681,Duda-Epureni,vs,4642
163734,Dumesti,vs,3845
163789,Epureni,vs,3049
163832,Falciu,vs,5714
163903,Gagesti,vs,2006
163967,Gherghesti,vs,2808
164062,Garceni,vs,2573
164133,Grivita,vs,3680
164197,Hoceni,vs,2839
164277,Dimitrie Cantemir,vs,2623
164339,Iana,vs,4264
164393,Ivanesti,vs,4470
164543,Ivesti,vs,2777
164598,Laza,vs,3350
164687,Lipovat,vs,4215
164749,Lunca Banului,vs,3738
164829,Malusteni,vs,2350
164892,Miclesti,vs,2780
164936,Muntenii De Jos,vs,4273
164981,Oras Murgeni,vs,8297
165069,Oltenesti,vs,2713
165130,Osesti,vs,3444
165185,Padureni,vs,4071
165274,Perieni,vs,3749
165336,Poienesti,vs,2935
165416,Pogana,vs,3339
165470,Puiesti,vs,4966
165611,Pungesti,vs,3374
165719,Rebricea,vs,3760
165817,Rosiesti,vs,3269
165899,Solesti,vs,3837
165979,Stanilesti,vs,5578
166057,Stefan Cel Mare,vs,3505
166137,Suletea,vs,2379
166182,Tanacu,vs,2078
166235,Tacuta,vs,3375
166315,Tatarani,vs,2230
166413,Todiresti,vs,3357
166529,Tutova,vs,3889
166636,Valeni,vs,5059
166672,Vetrisoaia,vs,3193
166707,Viisoara,vs,1817
166770,Vinderei,vs,4178
166869,Voinesti,vs,4061
166985,Vulturesti,vs,2220
167035,Vutcani,vs,2006
167071,Zapodeni,vs,3829
167179,Zorleni,vs,9884
167222,Ibanesti,vs,1590
167231,Fruntiseni,vs,1894
167240,Rafaila,vs,2075
167259,Pogonesti,vs,1746
167268,Ciocani,vs,1710
167277,Cozmesti,vs,2374
167286,Dodesti,vs,1796
167295,Feresti,vs,2174
167302,Muntenii De Sus,vs,4297
167311,Pochidia,vs,1721
167320,Puscasi,vs,3675
167473,Municipiul Ramnicu Valcea,vl,118832
167641,Oras Baile Govora,vl,2868
167696,Oras Baile Olanesti,vl,4563
167794,Oras Brezoi,vl,7214
167909,Oras Calimanesti,vl,8857
167981,Municipiul Dragasani,vl,20986
168041,Oras Horezu,vl,7021
168130,Oras Ocnele Mari,vl,3498
168229,Alunu,vl,4409
168309,Amarasti,vl,1812
168372,Oras Babeni,vl,9398
168452,Oras Balcesti,vl,5202
168559,Barbatesti,vl,3382
168602,Oras Berbesti,vl,5570
168675,Berislavesti,vl,2769
168755,Boisoara,vl,1313
168791,Budesti,vl,5964
168880,Bujoreni,vl,4902
168960,Bunesti,vl,2810
169039,Cernisoara,vl,3689
169119,Caineni,vl,2514
169182,Copaceni,vl,2776
169253,Costesti,vl,3236
169306,Creteni,vl,2223
169351,Daesti,vl,3060
169404,Danicei,vl,2046
169547,Dragoesti,vl,2008
169583,Fauresti,vl,1463
169681,Fartatesti,vl,3873
169896,Francesti,vl,5350
169994,Galicea,vl,3843
170097,Ghioroiu,vl,1558
170168,Glavile,vl,1967
170220,Golesti,vl,2575
170346,Gradistea,vl,2670
170444,Gusoeni,vl,1470
170514,Ionesti,vl,4203
170612,Lalosu,vl,2486
170685,Ladesti,vl,1768
170792,Lapusata,vl,2090
170872,Livezi,vl,2322
170952,Lungesti,vl,3152
171021,Malaia,vl,1823
171067,Mateesti,vl,3178
171101,Maciuca,vl,1757
171209,Madulari,vl,1442
171272,Maldaresti,vl,1991
171325,Mihaesti,vl,6758
171469,Milcoiu,vl,1228
171539,Muereasca,vl,2630
171628,Nicolae Balcescu,vl,3392
171806,Olanu,vl,2978
171879,Orlesti,vl,2884
171931,Otesani,vl,2700
171995,Pausesti,vl,2611
172082,Pausesti-Maglasi,vl,4013
172153,Perisani,vl,2270
172279,Pesceana,vl,1641
172340,Pietrari,vl,2954
172377,Popesti,vl,3039
172457,Prundeni,vl,4130
172509,Racovita,vl,1802
172581,Roesti,vl,2143
172698,Rosiile,vl,2521
172812,Runcu,vl,935
172894,Salatrucel,vl,2149
172947,Scundu,vl,1984
172992,Sinesti,vl,2485
173061,Slatioara,vl,3378
173132,Stanesti,vl,1204
173230,Stoenesti,vl,3479
173374,Stoilesti,vl,3821
173533,Stroesti,vl,2761
173597,Sutesti,vl,2171
173686,Sirineasa,vl,2360
173748,Stefanesti,vl,3266
173793,Susani,vl,3222
173855,Tetoiu,vl,2464
173935,Tomsani,vl,3733
174021,Vaideeni,vl,3988
174085,Valea Mare,vl,2616
174156,Vladesti,vl,3123
174218,Voicesti,vl,1576
174254,Voineasa,vl,1566
174290,Zatreni,vl,2326
174496,Titesti,vl,804
174502,Diculesti,vl,1943
174511,Lacusteni,vl,1416
174520,Mitrofani,vl,944
174744,Municipiul Focsani,vn,94474
174780,Campineanca,vn,4011
174824,Golesti,vn,4530
174860,Municipiul Adjud,vn,20547
174922,Oras Marasesti,vn,13441
175019,Oras Odobesti,vn,9649
175055,Oras Panciu,vn,9295
175126,Andreiasu De Jos,vn,1911
175206,Balesti,vn,2004
175224,Barsesti,vn,1435
175260,Boghesti,vn,1597
175368,Bolotesti,vn,4844
175439,Bordesti,vn,1773
175466,Brosteni,vn,2271
175509,Chiojdeni,vn,2504
175590,Ciorasti,vn,3043
175670,Campuri,vn,3828
175732,Carligele,vn,2961
175787,Corbita,vn,1824
175885,Cotesti,vn,4868
175938,Dumbraveni,vn,4468
175983,Dumitresti,vn,4667
176150,Fitionesti,vn,2711
176212,Garoafa,vn,4778
176301,Gugesti,vn,6733
176338,Gura Calitei,vn,2724
176445,Homocea,vn,7770
176506,Jaristea,vn,4231
176551,Jitia,vn,1647
176613,Maicanesti,vn,4697
176686,Mera,vn,4165
176748,Milcovul,vn,3613
176793,Movilita,vn,3873
176855,Nanesti,vn,2421
176891,Naruja,vn,1937
176944,Nereju,vn,4619
177003,Nistoresti,vn,2276
177101,Paltin,vn,2065
177236,Paunesti,vn,6776
177263,Poiana Cristei,vn,2773
177352,Pufesti,vn,4310
177405,Racoasa,vn,3289
177469,Reghiu,vn,2354
177557,Ruginesti,vn,4296
177600,Sihlea,vn,5335
177655,Slobozia Bradului,vn,7949
177726,Slobozia Ciorasti,vn,2062
177762,Soveja,vn,2258
177799,Straoane,vn,3670
177842,Suraia,vn,6124
177879,Tanasoaia,vn,2164
177986,Tataranu,vn,4605
178046,Tamboesti,vn,3288
178117,Tulnici,vn,4173
178180,Tifesti,vn,5164
178279,Urechesti,vn,2748
178313,Valea Sarii,vn,1983
178377,Vidra,vn,7380
178475,Vintileasca,vn,2075
178545,Vizantea-Livezi,vn,4123
178607,Vanatori,vn,6571
178689,Vartescoiu,vn,3539
178750,Vrancioaia,vn,2809
178821,Vulturu,vn,8675
178885,Negrilesti,vn,1678
178894,Ploscuteni,vn,3215
178901,Popesti,vn,3033
178910,Paulesti,vn,1974
178929,Biliesti,vn,2501
178938,Gologanu,vn,3085
178947,Obrejita,vn,1600
178956,Rastoaca,vn,2455
178965,Spulber,vn,1347
179132,Municipiul Bucuresti,b,2107399
179221,Oras Bragadiru,if,17193
179249,Chiajna,if,17116
179285,Oras Chitila,if,15031
179310,Dobroesti,if,8886
179347,Glina,if,8082
179383,Jilava,if,10397
179409,Oras Magurele,if,10365
179463,Mogosoaia,if,7800
179481,Oras Otopeni,if,15061
179515,Oras Pantelimon,if,26859
179533,Oras Popesti Leordeni,if,27879
179551,Oras Voluntari,if,40533
179588,Copaceni,if,2674
179604,Poienile Izei,mm,884
179613,Sieu,mm,2370
179622,Grosii Tiblesului,mm,2107
179631,Treznea,sj,1035
179640,Vulcana-Pandele,db,5121
179659,Negrilesti,bn,2471
179677,Camin,sm,1404
179686,Dumitrita,bn,3262
179695,Simisna,sj,1211
179702,Traian,il,3247
179711,Vladeni,db,2891
179720,Poiana Ilvei,bn,1567
179739,Malu,gr,2198
179748,Cosoba,gr,2648
179757,Herasti,gr,2004
179766,Isvoarele,gr,1545
179775,Sabareni,gr,2586
179784,Boranesti,il,2428
179793,Buesti,il,1043
179800,Maia,il,1651
179819,Ograda,il,2904
179828,Rosiori,il,2000
179837,Coas,mm,1412
179846,Coltau,mm,2763
179855,Gardani,mm,1325
179864,Oncesti,mm,1520
179873,Agris,sm,2131
179882,Ciumesti,sm,1362
179891,Raciu,db,3273
179908,Pietrari,db,2417
179917,Rau Alb,db,1409
179926,Rascaeti,db,2259
179935,Persinari,db,2826
179944,Runcu Salvei,bn,1343
179953,Ciceu- Mihaiesti,bn,1205
179962,Galbinasi,cl,3662
179971,Colelia,il,1157
179980,Marculesti,il,1597
179999,Moldoveni,il,1109
180000,Platonesti,il,1932
180019,Sarateni,il,1255
180028,Porumbesti,sm,2654
180037,Boghis,sj,1923
180046,Gura Ialomitei,il,2623
180055,Crivat,cl,2057
180064,Barbulesti,il,7026
180091,Racsa,sm,2983
