STRUCTURE,STRUCTURE_ID,STRUCTURE_NAME,ACTION,REF_AREA,Reference area,FREQ,Frequency of observation,METHODOLOGY,Methodology,MEASURE,Measure,UNIT_MEASURE,Unit of measure,EXPENDITURE,Expenditure,ADJUSTMENT,Adjustment,TRANSFORMATION,Transformation,TIME_PERIOD,Time period,OBS_VALUE,Observation value,OBS_STATUS,Observation status,UNIT_MULT,Unit multiplier,BASE_PER,Base period,DURABILITY,Durability,DECIMALS,Decimals
DATAFLOW,OECD.SDD.TPS:DSD_PRICES@DF_PRICES_ALL(1.0),"Consumer price indices (CPIs, HICPs), COICOP 1999",I,IRL,Ireland,A,Annual,N,National,CPI,Consumer price index,PA,Percent per annum,_T,Total,N,Neither seasonally adjusted nor calendar adjusted,GY,"Growth rate, over 1 year",2023,,6.299425,,A,Normal value,,,,,,,2,Two
DATAFLOW,OECD.SDD.TPS:DSD_PRICES@DF_PRICES_ALL(1.0),"Consumer price indices (CPIs, HICPs), COICOP 1999",I,EST,Estonia,A,Annual,N,National,CPI,Consumer price index,PA,Percent per annum,_T,Total,N,Neither seasonally adjusted nor calendar adjusted,GY,"Growth rate, over 1 year",2023,,9.159226,,A,Normal value,,,,,,,2,Two
DATAFLOW,OECD.SDD.TPS:DSD_PRICES@DF_PRICES_ALL(1.0),"Consumer price indices (CPIs, HICPs), COICOP 1999",I,AUT,Austria,A,Annual,N,National,CPI,Consumer price index,PA,Percent per annum,_T,Total,N,Neither seasonally adjusted nor calendar adjusted,GY,"Growth rate, over 1 year",2023,,7.814134,,A,Normal value,,,,,,,2,Two
DATAFLOW,OECD.SDD.TPS:DSD_PRICES@DF_PRICES_ALL(1.0),"Consumer price indices (CPIs, HICPs), COICOP 1999",I,GRC,Greece,A,Annual,N,National,CPI,Consumer price index,PA,Percent per annum,_T,Total,N,Neither seasonally adjusted nor calendar adjusted,GY,"Growth rate, over 1 year",2023,,3.464802,,A,Normal value,,,,,,,2,Two
DATAFLOW,OECD.SDD.TPS:DSD_PRICES@DF_PRICES_ALL(1.0),"Consumer price indices (CPIs, HICPs), COICOP 1999",I,DEU,Germany,A,Annual,N,National,CPI,Consumer price index,PA,Percent per annum,_T,Total,N,Neither seasonally adjusted nor calendar adjusted,GY,"Growth rate, over 1 year",2023,,5.946437,,A,Normal value,,,,,,,2,Two
DATAFLOW,OECD.SDD.TPS:DSD_PRICES@DF_PRICES_ALL(1.0),"Consumer price indices (CPIs, HICPs), COICOP 1999",I,FRA,France,A,Annual,N,National,CPI,Consumer price index,PA,Percent per annum,_T,Total,N,Neither seasonally adjusted nor calendar adjusted,GY,"Growth rate, over 1 year",2023,,4.878357,,A,Normal value,,,,,,,2,Two
DATAFLOW,OECD.SDD.TPS:DSD_PRICES@DF_PRICES_ALL(1.0),"Consumer price indices (CPIs, HICPs), COICOP 1999",I,LVA,Latvia,A,Annual,N,National,CPI,Consumer price index,PA,Percent per annum,_T,Total,N,Neither seasonally adjusted nor calendar adjusted,GY,"Growth rate, over 1 year",2023,,8.938056,,A,Normal value,,,,,,,2,Two
DATAFLOW,OECD.SDD.TPS:DSD_PRICES@DF_PRICES_ALL(1.0),"Consumer price indices (CPIs, HICPs), COICOP 1999",I,SVK,Slovak Republic,A,Annual,N,National,CPI,Consumer price index,PA,Percent per annum,_T,Total,N,Neither seasonally adjusted nor calendar adjusted,GY,"Growth rate, over 1 year",2023,,10.53195,,A,Normal value,,,,,,,2,Two
DATAFLOW,OECD.SDD.TPS:DSD_PRICES@DF_PRICES_ALL(1.0),"Consumer price indices (CPIs, HICPs), COICOP 1999",I,LTU,Lithuania,A,Annual,N,National,CPI,Consumer price index,PA,Percent per annum,_T,Total,N,Neither seasonally adjusted nor calendar adjusted,GY,"Growth rate, over 1 year",2023,,9.11732,,A,Normal value,,,,,,,2,Two
DATAFLOW,OECD.SDD.TPS:DSD_PRICES@DF_PRICES_ALL(1.0),"Consumer price indices (CPIs, HICPs), COICOP 1999",I,PRT,Portugal,A,Annual,N,National,CPI,Consumer price index,PA,Percent per annum,_T,Total,N,Neither seasonally adjusted nor calendar adjusted,GY,"Growth rate, over 1 year",2023,,4.311282,,A,Normal value,,,,,,,2,Two
DATAFLOW,OECD.SDD.TPS:DSD_PRICES@DF_PRICES_ALL(1.0),"Consumer price indices (CPIs, HICPs), COICOP 1999",I,ESP,Spain,A,Annual,N,National,CPI,Consumer price index,PA,Percent per annum,_T,Total,N,Neither seasonally adjusted nor calendar adjusted,GY,"Growth rate, over 1 year",2023,,3.532361,,A,Normal value,,,,,,,2,Two
DATAFLOW,OECD.SDD.TPS:DSD_PRICES@DF_PRICES_ALL(1.0),"Consumer price indices (CPIs, HICPs), COICOP 1999",I,SVN,Slovenia,A,Annual,N,National,CPI,Consumer price index,PA,Percent per annum,_T,Total,N,Neither seasonally adjusted nor calendar adjusted,GY,"Growth rate, over 1 year",2023,,7.446877,,A,Normal value,,,,,,,2,Two
DATAFLOW,OECD.SDD.TPS:DSD_PRICES@DF_PRICES_ALL(1.0),"Consumer price indices (CPIs, HICPs), COICOP 1999",I,ITA,Italy,A,Annual,N,National,CPI,Consumer price index,PA,Percent per annum,_T,Total,N,Neither seasonally adjusted nor calendar adjusted,GY,"Growth rate, over 1 year",2023,,5.622194,,A,Normal value,,,,,,,2,Two
DATAFLOW,OECD.SDD.TPS:DSD_PRICES@DF_PRICES_ALL(1.0),"Consumer price indices (CPIs, HICPs), COICOP 1999",I,NLD,Netherlands,A,Annual,N,National,CPI,Consumer price index,PA,Percent per annum,_T,Total,N,Neither seasonally adjusted nor calendar adjusted,GY,"Growth rate, over 1 year",2023,,3.838393,,A,Normal value,,,,,,,2,Two
DATAFLOW,OECD.SDD.TPS:DSD_PRICES@DF_PRICES_ALL(1.0),"Consumer price indices (CPIs, HICPs), COICOP 1999",I,LUX,Luxembourg,A,Annual,N,National,CPI,Consumer price index,PA,Percent per annum,_T,Total,N,Neither seasonally adjusted nor calendar adjusted,GY,"Growth rate, over 1 year",2023,,3.741404,,A,Normal value,,,,,,,2,Two
DATAFLOW,OECD.SDD.TPS:DSD_PRICES@DF_PRICES_ALL(1.0),"Consumer price indices (CPIs, HICPs), COICOP 1999",I,BEL,Belgium,A,Annual,N,National,CPI,Consumer price index,PA,Percent per annum,_T,Total,N,Neither seasonally adjusted nor calendar adjusted,GY,"Growth rate, over 1 year",2023,,4.049011,,A,Normal value,,,,,,,2,Two
DATAFLOW,OECD.SDD.TPS:DSD_PRICES@DF_PRICES_ALL(1.0),"Consumer price indices (CPIs, HICPs), COICOP 1999",I,FIN,Finland,A,Annual,N,National,CPI,Consumer price index,PA,Percent per annum,_T,Total,N,Neither seasonally adjusted nor calendar adjusted,GY,"Growth rate, over 1 year",2023,,6.250643,,A,Normal value,,,,,,,2,Two
